Рыба,Локация,Наживка,Расстояние,Цена,Мин. вес (кг),Макс. вес (кг),Автор,Дата,Примечание
Щука Травянка,Река Клаус,Пиявка,3 метра,200-280,0.75,3.15,Лёха Лягушка,19.07.2022,
Угорь,Озеро Вабакими,Сыр,3 м,200-300,1.527,8.202,Лёха Лягушка,19.07.2022,Часто попадается трофейный экземпляр
Сайда (Серебристая Сайда),Долина Ветров,Креветка,"3,0 м",,,,Павел Дранчук / Роман Иванов,31.07.2022,"Крюк №5; без прилова; совет по прокачке: до 43 уровня ловить угря, после — сайду"
Форель Ручьевая,Белые скалы,Икра,5.6 м,,1.163,7.6,Юрчег Самоделкин (скриншот таблицы),01.08.2022,
Хариус,Холодное озеро,Икра,3.0 м,,4.286,6.3,Юрчег Самоделкин (скриншот таблицы),01.08.2022,
Химера,Мрачная река,Пиявка + кровь (доп. энергетик),3.0 м,,30.54,200.0,Юрчег Самоделкин (скриншот таблицы),01.08.2022,Крючок #2.2
Хвостокол,Река Амазонка,Креветка,13.2 м,,17.428,18.0,Юрчег Самоделкин (скриншот таблицы),01.08.2022,
Черепаха Логгерхед,Остров Робинзон,Кальмар,3.0 м,,165.91,200.0,Юрчег Самоделкин (скриншот таблицы),01.08.2022,Крючок #6.1
Чехонь,Белые скалы,Опарыш,3.0 м,,2.28,2.3,Юрчег Самоделкин (скриншот таблицы),01.08.2022,Крючок #2.1
Чёрный Амур,Река Колорадо,Кусок рыбы,3.0 м,,,,Юрчег Самоделкин (скриншот таблицы),01.08.2022,
Чёрный Кайман,Река Амазонка,Лягушка,7.7 м,,194.966,194.966,Юрчег Самоделкин (скриншот таблицы),01.08.2022,
Чёрный Краппи,Река Колорадо,Креветка,9.0 м,,1.279,2.7,Юрчег Самоделкин (скриншот таблицы),01.08.2022,
Чир,Долина камней,Маленький живец,,,16,17.3,Юрчег Самоделкин (скриншот таблицы),01.08.2022,
Шестиполосный Дистиход,Река Кафуэ,Майский жук,,,3,3.2,Юрчег Самоделкин (скриншот таблицы),01.08.2022,
Шип,Залив Кристалино,Средний живец,15 м,,34.14,35,Юрчег Самоделкин (скриншот таблицы),01.08.2022,Крючок #3.4
Щука Амурская,Река Таби,Средний живец,12.3 м,,20.27,21,Юрчег Самоделкин (скриншот таблицы),01.08.2022,
Щука Глубинная,Озеро Тахо,Большой живец,14 м,,41.944,94.0,Юрчег Самоделкин (скриншот таблицы),01.08.2022,Крючок #5.1
Щука Маскинонг,Озеро Дайл,Лягушка,7.7 м,,4.299,32.8,Юрчег Самоделкин (скриншот таблицы),01.08.2022,Крючок #1.4
Щука Травянка (доп. вариант),Озеро Изумрудное,Личинка майского жука,3 м,,0.75,3.15,Юрчег Самоделкин (скриншот таблицы),01.08.2022,Крючок #4.1; альтернатива варианту с рекой Клаус
Электрический Сом,Река Кафуэ,Средний живец,,,8.915,25.4,Юрчег Самоделкин (скриншот таблицы),01.08.2022,
Электрический Угорь,Река Амазонка,Средний живец,4.7 м,,40.91,42.0,Юрчег Самоделкин (скриншот таблицы),01.08.2022,
Японский Речной Угорь,Река Исикари,Живец,3 м,,4.284,4.35,Юрчег Самоделкин (скриншот таблицы),01.08.2022,
Язь,Белые скалы,Манка,14.0 м,,4.141,6.1,Юрчег Самоделкин (скриншот таблицы),01.08.2022,Крючок #4.1
Виена,Луна,Спиннинг: Predator Pro,,,10.202,200.0,Юрчег Самоделкин (скриншот таблицы),01.08.2022,
Газилиус,Луна,Спиннинг: Predator Pro,,,74.664,200.0,Юрчег Самоделкин (скриншот таблицы),01.08.2022,
Зой,Луна,Спиннинг: Master,,,56.845,130.0,Юрчег Самоделкин (скриншот таблицы),01.08.2022,Крючок #5.1
Карин,Луна,Спиннинг: Predator Pro,,,20.697,112.0,Юрчег Самоделкин (скриншот таблицы),01.08.2022,
Кинста,Луна,Спиннинг: Big Hunter,,,3.712,44.0,Юрчег Самоделкин (скриншот таблицы),01.08.2022,
Панзерус,Луна,Спиннинг: Shake Head,,,7.839,80.0,Юрчег Самоделкин (скриншот таблицы),01.08.2022,
Скрумпер,,,,,117.226,200.0,Юрчег Самоделкин (скриншот таблицы),01.08.2022,"В скриншоте указано только ""2200"", контекст не ясен"
Трафальгар,,Спиннинг: Shake Head,,,28.569,52.0,Юрчег Самоделкин (скриншот таблицы),01.08.2022,
Елец,Белые скалы,Муха,,,0.632,0.65,Имя Фамилия,15.08.2022,
Щука Травянка (для фарма серебра),Белые скалы,Муха,3 м,,0.75,3.15,Александр Красюков,15.08.2022,Крючок тип 3.1 (грузоподъёмность до 64 кг); снасть с нагрузкой от 9 кг
Налим,Пещера Пашабей / Каменный берег,Кусок рыбы (на Каменном берегу),,,13.406,18.2,Александр Красюков,18.08.2022,"Хорошо идёт опыт и серебро; на Каменном берегу нужны снасти с нагрузкой от 40+кг и топовый крючок за золото (от 12кг); осторожно — можно встретить Каменного Призрака и потерять снасти, если они не топовые"
Сиг,Долина камней / Каменный берег,Живец маленький,5 м,,6.354,6.6,Андрей Черкесов,19.08.2022,"Крючок 1.1 (на Долине камней); на Каменном берегу так же, крючок 1.1–3.4"
Сом,Изумрудное озеро,Воблеры,,,4.003,200.0,Stranniy Leshiy,26.08.2022,
"Щука Травянка (фарм серебра/опыта, вариант 3)",Изумрудное озеро,Наживка-рыба (~55 монет),,200-250 монет за рыбу,0.75,3.15,Владислав Напалков,26.08.2022,"Крючок небольшой, до 4 кг; клюют только щуки травянки"
Глазорвач,Руины,Икра + Кровь (прикормка),4 м,,1.418,21.6,Владислав Напалков,31.08.2022,Крючок 3.3; в посте приложен скриншот пойманной рыбы
Каменный призрак,,Перловка (без крови),5 м,,30.266,67.0,Олег Исаев,06.09.2022,"Снасть до 30 кг; вываживание заняло 14 минут; проблемная, но добычливая рыба; энергетик (напиток) помогает с поклёвкой"
Чёрный Краппи (доп. данные),Река Колорадо,Креветка,9 м,200-250 монет за рыбу,1.279,2.7,Олег Исаев,06.09.2022,"Хорошо для фарма серебра и опыта — рыбка небольшая, влезает много поклёвок"
Сиг (подтверждение),Каменный берег,Живец маленький,,,6.354,6.6,Олег Шутов,07.09.2022,
Налим (доп. данные),Каменный берег,Маленький живец,9 м,,13.406,18.2,Олег Исаев,16.09.2022,Крючок 5.1; хорошо для фарма опыта
Щука Травянка (доп. подтверждение),Каменный берег,Муха,3 м,,0.75,3.15,Олег Исаев,16.09.2022,Крючок 4.1; хорошо для фарма серебра; опасность — Каменный призрак может порвать снасти
Глазорвач (доп. подтверждение),Руины,Любая наживка + кровь (обязательно),,,1.418,21.6,Олег Исаев,18.09.2022,"Берёт на любую приманку, если добавлена кровь"
Рыба Капля,Озеро Вабакими,Сыр,3 м,,9.202,47.0,Дмитрий Харин (скриншот таблицы «Список рыб»),17.07.2022,"Крючок 4.3; OCR-распознавание скриншота, возможны небольшие неточности в цифрах"
Раптор,Амазонка,Креветка,3 м,,2.316,12.0,Дмитрий Харин (скриншот таблицы «Список рыб»),17.07.2022,"Крючок 4.1; OCR-распознавание скриншота, возможны небольшие неточности в цифрах"
Ротан,Затерянное озеро,Муха,3 м,,0.22,0.22,Дмитрий Харин (скриншот таблицы «Список рыб»),17.07.2022,"Крючок 1.1 (1/2); OCR-распознавание скриншота, возможны небольшие неточности в цифрах"
Рыба Гитара,Гао Ту,Рак,10 м,,63.06,200.0,Дмитрий Харин (скриншот таблицы «Список рыб»),17.07.2022,"Крючок 6.2 (1/2); OCR-распознавание скриншота, возможны небольшие неточности в цифрах"
Стерлядь,Долина камней,Маленький живец,7 м,,17.185,17.2,Дмитрий Харин (скриншот таблицы «Список рыб»),17.07.2022,"Крючок 6.2; OCR-распознавание скриншота, возможны небольшие неточности в цифрах"
Скорпена,Райский остров,Креветка,3 м,,1.282,1.3,Дмитрий Харин (скриншот таблицы «Список рыб»),17.07.2022,"Крючок 2.3 (1/4); OCR-распознавание скриншота, возможны небольшие неточности в цифрах"
Сом Амурский,Река Таби,Живец маленький,6 м,,6.254,8.7,Дмитрий Харин (скриншот таблицы «Список рыб»),17.07.2022,"Крючок 5.1; OCR-распознавание скриншота, возможны небольшие неточности в цифрах"
Сазан,Озеро Вабакими,Тесто,15 м,,9.419,19.3,Дмитрий Харин (скриншот таблицы «Список рыб»),17.07.2022,"Крючок 6.2; OCR-распознавание скриншота, возможны небольшие неточности в цифрах"
Синец,Изумрудное озеро,Сыр,3 м,,1.577,1.6,Дмитрий Харин (скриншот таблицы «Список рыб»),17.07.2022,"Крючок 1.0; OCR-распознавание скриншота, возможны небольшие неточности в цифрах"
Судак,Река Колорадо,Кусок рыбы,15 м,,20.721,21.2,Дмитрий Харин (скриншот таблицы «Список рыб»),17.07.2022,"Крючок 6.2; OCR-распознавание скриншота, возможны небольшие неточности в цифрах"
Толстолобик,Каменный берег,Горох,5.5 м,,10.202,52.0,Дмитрий Харин (скриншот таблицы «Список рыб»),17.07.2022,"Крючок 6.2; OCR-распознавание скриншота, возможны небольшие неточности в цифрах"
Усач Обыкновенный,Река Клаус,Сыр,15 м,,0.799,11.8,Дмитрий Харин (скриншот таблицы «Список рыб»),17.07.2022,"Крючок 5.1; OCR-распознавание скриншота, возможны небольшие неточности в цифрах"
Шип (доп. вариант),Озеро Тахо,Живец средний,10.6 м,,34.14,35,Дмитрий Харин (скриншот таблицы «Список рыб»),17.07.2022,"Крючок 6.2 (1/4); альтернатива варианту ""Залив Кристалино""; OCR-распознавание скриншота, возможны небольшие неточности в цифрах"
Щука Маскинонг (доп. вариант),Озеро Дайл,Живец большой,15 м,,4.299,32.8,Дмитрий Харин (скриншот таблицы «Список рыб»),17.07.2022,"Крючок 4.2 (1/2); альтернатива наживке ""лягушка""; OCR-распознавание скриншота, возможны небольшие неточности в цифрах"
Щука Амурская (доп. вариант),Река Таби,Живец средний,8.2 м,,20.27,21,Дмитрий Харин (скриншот таблицы «Список рыб»),17.07.2022,"Крючок 6.2 (1/2); OCR-распознавание скриншота, возможны небольшие неточности в цифрах"
Арапайма,Река Амазонка,По дну (спец. наживка Magallon),,,192.108,200,Дмитрий Харин (скриншот таблицы «Список рыб»),17.07.2022,"OCR-распознавание скриншота, возможны небольшие неточности в цифрах"
Амия,Река Клаус,Личинка майского жука,4.3 м,,9.433,9.8,Дмитрий Харин (скриншот таблицы «Список рыб»),17.07.2022,"Крючок 5.1; OCR-распознавание скриншота, возможны небольшие неточности в цифрах"
Американский Сомик,Озеро Вабакими,Медведка,3 м,,,,Дмитрий Харин (скриншот таблицы «Список рыб»),17.07.2022,"Крючок 3.1; OCR-распознавание скриншота, возможны небольшие неточности в цифрах"
Амур Белый,Озеро Бездонное,Горох,5.4 м,,42.507,44.0,Дмитрий Харин (скриншот таблицы «Список рыб»),17.07.2022,"Крючок 6.2; OCR-распознавание скриншота, возможны небольшие неточности в цифрах"
Амур Чёрный,Река Колорадо,Кусок рыбы,3 м,,5.847,32.5,Дмитрий Харин (скриншот таблицы «Список рыб»),17.07.2022,"Крючок 5.4 (уточнить); OCR-распознавание скриншота, возможны небольшие неточности в цифрах"
Белоглазка,Озеро Бездонное,Опарыш,3 м,,0.911,1.5,Дмитрий Харин (скриншот таблицы «Список рыб»),17.07.2022,"Крючок 3.1; OCR-распознавание скриншота, возможны небольшие неточности в цифрах"
Белорыбица,Река Таби,Кузнечик,15 м,,14.817,14.9,Дмитрий Харин (скриншот таблицы «Список рыб»),17.07.2022,"Крючок 5.1; OCR-распознавание скриншота, возможны небольшие неточности в цифрах"
Большеротый Буффало,Озеро Дайл,Личинка короеда,7.1 м,,45.784,46.2,Дмитрий Харин (скриншот таблицы «Список рыб»),17.07.2022,"Крючок 6.2; OCR-распознавание скриншота, возможны небольшие неточности в цифрах"
Большеротый Окунь,Река Клаус,Живец средний,15 м,,,,Дмитрий Харин (скриншот таблицы «Список рыб»),17.07.2022,"Крючок 5.1; OCR-распознавание скриншота, возможны небольшие неточности в цифрах"
Берш,Затерянное озеро,Кузнечик,4.9 м,,0.986,3.1,Дмитрий Харин (скриншот таблицы «Список рыб»),17.07.2022,"Крючок 3.1; OCR-распознавание скриншота, возможны небольшие неточности в цифрах"
Белый Лопатонос,Озеро Дайл,Сверчок,4 м,,38.689,40,Дмитрий Харин (скриншот таблицы «Список рыб»),17.07.2022,"Крючок 6.2; OCR-распознавание скриншота, возможны небольшие неточности в цифрах"
Ёрш Полосатый,Озеро Кускон,Мотыль,3 м,,0.245,0.25,Дмитрий Харин (скриншот таблицы «Список рыб»),17.07.2022,"Крючок 1.4; OCR-распознавание скриншота, возможны небольшие неточности в цифрах"
Ёрш Обыкновенный,Затерянное озеро,Икра,3 м,,0.23,0.23,Дмитрий Харин (скриншот таблицы «Список рыб»),17.07.2022,"Крючок 1.1; OCR-распознавание скриншота, возможны небольшие неточности в цифрах"
Европейская Ряпушка,Изумрудное озеро,Мотыль,3.8 м,,0.31,0.31,Дмитрий Харин (скриншот таблицы «Список рыб»),17.07.2022,"Крючок 1.1 (1/2); OCR-распознавание скриншота, возможны небольшие неточности в цифрах"
Испанская Макрель,Пещера Пашабей,Кальмар,4.3 м,,6.186,6.2,Дмитрий Харин (скриншот таблицы «Список рыб»),17.07.2022,"Крючок 4.3; OCR-распознавание скриншота, возможны небольшие неточности в цифрах"
Краснобрюхая Пиранья,Река Амазонка,Креветка,3 м,,3.898,3.9,Дмитрий Харин (скриншот таблицы «Список рыб»),17.07.2022,"Крючок 4.1; OCR-распознавание скриншота, возможны небольшие неточности в цифрах"
Карась Серебрянный,Изумрудное озеро,Хлеб,5.2 м,,1.942,2,Дмитрий Харин (скриншот таблицы «Список рыб»),17.07.2022,"Крючок 2.2; OCR-распознавание скриншота, возможны небольшие неточности в цифрах"
Карась Обыкновенный,Озеро Савай,Хлеб,4.5 м,,2.009,3.5,Дмитрий Харин (скриншот таблицы «Список рыб»),17.07.2022,"Крючок 4.1 (уточнить); OCR-распознавание скриншота, возможны небольшие неточности в цифрах"
Краснопёрка,Озеро Кускон,Горох,3.7 м,,1.566,1.9,Дмитрий Харин (скриншот таблицы «Список рыб»),17.07.2022,"Крючок 3.1; OCR-распознавание скриншота, возможны небольшие неточности в цифрах"
Китайский Окунь,Река Габи/Таби (неточно),Креветка,9.6 м,,3.656,8.0,Дмитрий Харин (скриншот таблицы «Список рыб»),17.07.2022,"Крючок 4.1; локация распознана неуверенно; OCR-распознавание скриншота, возможны небольшие неточности в цифрах"
Корифена Большая,Пещера Пашабей,Рак,9.5 м,,40.653,41,Дмитрий Харин (скриншот таблицы «Список рыб»),17.07.2022,"Крючок 6.4; OCR-распознавание скриншота, возможны небольшие неточности в цифрах"
Линь,Река Клаус,Медведка,7 м,,7.602,7.9,Дмитрий Харин (скриншот таблицы «Список рыб»),17.07.2022,"Крючок 3.1; OCR-распознавание скриншота, возможны небольшие неточности в цифрах"
Морской Окунь,Гао Ту,Мидия,5.6 м,,20.802,21,Дмитрий Харин (скриншот таблицы «Список рыб»),17.07.2022,"Крючок 6.2; OCR-распознавание скриншота, возможны небольшие неточности в цифрах"
Миссисипский Панцирник,Озеро Дайл,Живец большой,5.2 м,,131.952,132,Дмитрий Харин (скриншот таблицы «Список рыб»),17.07.2022,"Крючок 5.1; OCR-распознавание скриншота, возможны небольшие неточности в цифрах"
Обыкновенный Таймень,Долина камней,Средний живец,6.1 м,,87.07,89,Дмитрий Харин (скриншот таблицы «Список рыб»),17.07.2022,"Крючок 6.2; OCR-распознавание скриншота, возможны небольшие неточности в цифрах"
Осман,Озеро Тихое,Червь,3 м,,1.191,1.24,Дмитрий Харин (скриншот таблицы «Список рыб»),17.07.2022,"Крючок 2.2; OCR-распознавание скриншота, возможны небольшие неточности в цифрах"
Обыкновенный Подуст,Река Горбыль,Опарыш,3 м,,2.171,2.2,Дмитрий Харин (скриншот таблицы «Список рыб»),17.07.2022,"Крючок 3.1 (1/2); OCR-распознавание скриншота, возможны небольшие неточности в цифрах"
Обыкновенный Валёк,Река Горбыль,Опарыш,3 м,,2.002,2.1,Дмитрий Харин (скриншот таблицы «Список рыб»),17.07.2022,"Крючок 3.1 (1/2); возможно совпадение с Обыкновенным Подустом — стоит проверить; OCR-распознавание скриншота, возможны небольшие неточности в цифрах"
Полосатая Зубатка,Ледник,Средний живец,4.4 м,,12.989,24.1,Дмитрий Харин (скриншот таблицы «Список рыб»),17.07.2022,"Крючок 6.2; OCR-распознавание скриншота, возможны небольшие неточности в цифрах"
Полосатый Лаврак,Гао Ту,Креветка,12.5 м,,55.461,58,Дмитрий Харин (скриншот таблицы «Список рыб»),17.07.2022,"Крючок 6.2; OCR-распознавание скриншота, возможны небольшие неточности в цифрах"
Павлиний Басс,Пещера Пашабей,Креветка,4.2 м,,13.028,13.2,Дмитрий Харин (скриншот таблицы «Список рыб»),17.07.2022,"Крючок 6.2; OCR-распознавание скриншота, возможны небольшие неточности в цифрах"
Пелядь,Затерянное озеро,Опарыш,3 м,,1.174,4.9,Дмитрий Харин (скриншот таблицы «Список рыб»),17.07.2022,"Крючок 4.1; OCR-распознавание скриншота, возможны небольшие неточности в цифрах"
Подлещик,Озеро Кускон,Хлеб,3 м,,1.533,1.55,Дмитрий Харин (скриншот таблицы «Список рыб»),17.07.2022,"Крючок 2.2; OCR-распознавание скриншота, возможны небольшие неточности в цифрах"
Пескарь,Озеро Вабакими,Хлеб,3 м,,0.181,0.2,Дмитрий Харин (скриншот таблицы «Список рыб»),17.07.2022,"Крючок 1.1; OCR-распознавание скриншота, возможны небольшие неточности в цифрах"
Пайяра,Река Амазонка,Живец большой,6.6 м,,17.865,18.2,Дмитрий Харин (скриншот таблицы «Список рыб»),17.07.2022,"Крючок 5.1; OCR-распознавание скриншота, возможны небольшие неточности в цифрах"
Рыба Капля (доп. подтверждение),Озеро Вабакими,Любая (важна кровь),,,9.202,47.0,Олег Исаев,27.09.2022,"Общее правило по ""монстрам"": берут на любую наживку/дистанцию, если есть кровь и снасти выдерживают вес"
Рыба Мертвец,Зона 86,Большой живец + кровь + энергетик,,,7.151,120.0,Александр Максимов,28.09.2022,Сложно ловить прицельно — вперемешку клюют другие монстры и сомы
Тень Зоны,,Любая (в примере — сыр),3 м,,65.779,200.0,Олег Исаев,28.09.2022,"Тип ""монстр"": ловится вперемешку при обычной рыбалке с кровью+прикормом (+энергетик, если целевой монстр до 200кг)"
Сом (общая техника),,Блесна (проводка по дну),,,4.003,200.0,Дмитрий Вийтев,25.09.2022,"Обычная техника ловли, без указания конкретной локации; к посту приложен скриншот"
Раптор,Река Амазонка,,,,2.316,12.0,Олег Исаев,01.10.2022,
Каменный призрак (подробно),Каменный берег,Кусок рыбы + универсальная прикормка + кровь,13 м,,30.266,67.0,Иван Ветров,05.10.2022,"Крючок 4.1 (можно 4.2); катушка Toro S (лучше топовая за золото); удилище Power Fox — иначе долго вытягивать; клюёт очень активно: 8 шт. за 18 минут, вперемешку с налимами"
Краснопёрка (доп. вариант),Озеро Вабакими,Муха,5.4 м,,1.566,1.9,Виталий Шевченко,22.11.2022,Для заданий; иногда прилов — щука травянка
Подлещик (доп. вариант),Озеро Кускон,Хлеб,3 м,,1.533,1.55,Виталий Шевченко,22.11.2022,Для заданий; прилова нет
Косатка-Скрипун,Озеро Кускон,Опарыш,3 м,,,,Виталий Шевченко,22.11.2022,Для заданий; прилова нет
Усач Обыкновенный (доп. вариант),Река Клаус,Сверчок,6-9 м,,0.799,11.8,Виталий Шевченко,22.11.2022,Если начал попадаться лопатонос — сменить дистанцию в этом диапазоне
Голавль,Изумрудное озеро,Личинка майского жука,3 м,,8.116,8.2,Юрий Некрасов,04.12.2022,
Глазорвач (общая оценка),,,,,1.418,21.6,Юрий Некрасов,22.11.2022,"Хорошо окупается на фарме (наравне с Песчаным Убийцей и Лезвием), без указания локации"
Песчаный Убийца,,,,,5.949,25.0,Юрий Некрасов,22.11.2022,"Хорошо окупается на фарме, без указания локации"
Лезвие,,,,,4.021,15.0,Юрий Некрасов,22.11.2022,"Хорошо окупается на фарме, без указания локации"
Голавль (доп. вариант),Белые скалы,Кукуруза,,,8.116,8.2,Юрий Некрасов,04.12.2022,
Рыба Капля (пойманный экземпляр 1),Озеро Вабакими,Сыр,,,9.202,47.0,Роман Калачев,11.12.2022,"Удочка за 14500; называет её ""бабайкой""; несколько раз ломала снасти"
Рыба Капля (пойманный экземпляр 2),Озеро Вабакими,Сыр,,,9.202,47.0,Алексей Сергеев,21.12.2022,Поймал 3 штуки на сыр
Амазонский Ламантин,25. Река Амазонка,Кукуруза,3.0 м,882 монет / 242 опыта,61.694,200.0,"Михаил Куликов (таблица ""Рыбы по алфавиту"")",15.12.2022,Крючок 6.3
Американская Палия,41. Река Исикари,Червь,6.6 м,432 монет / 200 опыта,8.023,8.2,"Михаил Куликов (таблица ""Рыбы по алфавиту"")",15.12.2022,Крючок 5.х; Автор лично поймал экземпляр максимального веса (✔)
Американский сомик,18. Озеро Вабакими,Медведка,3.0 м,256 монет / 47 опыта,2.676,2.8,"Михаил Куликов (таблица ""Рыбы по алфавиту"")",15.12.2022,Крючок 3.х
Американский Чешуйчатник,25. Река Амазонка,Живец (большой),13.8 м,391 монет / 98 опыта,39.683,40,"Михаил Куликов (таблица ""Рыбы по алфавиту"")",15.12.2022,Крючок 4.2/3; 6.х; Возможный/неизбежный прилов: Чёрный Кайман
Амия,15. Река Клаус,Личинка Майского Жука,4.3 м,298 монет / 43 опыта,9.433,9.8,"Михаил Куликов (таблица ""Рыбы по алфавиту"")",15.12.2022,Крючок 5.х
Амур Белый,26. Озеро Тахо,Горох,4.1 м,499 монет / 107 опыта,42.507,44.0,"Михаил Куликов (таблица ""Рыбы по алфавиту"")",15.12.2022,Крючок 6.х
Амур Чёрный,24. Река Колорадо,Кусок Рыбы,3.0 м,462 монет / 93 опыта,5.847,32.5,"Михаил Куликов (таблица ""Рыбы по алфавиту"")",15.12.2022,Крючок 6.х
Аравана Серебристая,25. Река Амазонка,Живец (маленький),5.2 м,177 монет / 66 опыта,6.421,6.6,"Михаил Куликов (таблица ""Рыбы по алфавиту"")",15.12.2022,Крючок 4.х; Возможный/неизбежный прилов: Краснобрюхая Пиранья
Арапайма,25. Река Амазонка,Рак,14.3 м,876 монет / 241 опыта,192.108,200,"Михаил Куликов (таблица ""Рыбы по алфавиту"")",15.12.2022,Крючок 6.3; Возможный/неизбежный прилов: Чёрный Кайман х Хвостокол
Арктический Голец,22. Холодное Озеро,Пиявка,5.4 м,188 монет / 41 опыта,16.268,16.7,"Михаил Куликов (таблица ""Рыбы по алфавиту"")",15.12.2022,Крючок 6.х
Атлантический Лосось,39. Ледник,Кусок Рыбы,8.7 м,339 монет / 223 опыта,43.4,43.8,"Михаил Куликов (таблица ""Рыбы по алфавиту"")",15.12.2022,"Крючок 6.х; Возможный/неизбежный прилов: Стерлядь, х Налим"
Барракуда,32. Пещера Пашабей,Кальмар,9.3 м,442 монет / 121 опыта,51.544,52,"Михаил Куликов (таблица ""Рыбы по алфавиту"")",15.12.2022,Крючок 6.х; Возможный/неизбежный прилов: Корифена Большая
Белоглазка,22. Холодное Озеро,Опарыш,3.0 м,81 монет / 19 опыта,0.911,1.5,"Михаил Куликов (таблица ""Рыбы по алфавиту"")",15.12.2022,Крючок 3.х
Белорыбица,20. Река Таби,Кузнечик,14.2 м,321 монет / 48 опыта,14.817,14.9,"Михаил Куликов (таблица ""Рыбы по алфавиту"")",15.12.2022,Крючок 6.х
Белуга,39. Ледник,Лягушка,10.1 м,753 монет / 223 опыта,66.433,200.0,"Михаил Куликов (таблица ""Рыбы по алфавиту"")",15.12.2022,"Крючок 6.3; Возможный/неизбежный прилов: Сибирский Осётр, х Севрюга"
Белый Карп,46. Река Ли,Сыр,3.0 м,555 монет / 166 опыта,37.573,38.0,"Михаил Куликов (таблица ""Рыбы по алфавиту"")",15.12.2022,Крючок 6.х
Белый Краппи,24. Река Колорадо,Креветка,3.7 м,238 монет / 49 опыта,1.611,2.4,"Михаил Куликов (таблица ""Рыбы по алфавиту"")",15.12.2022,Крючок 3.х
Белый Лопатонос,29. Озеро Дайл,Кузнечик,4.0 м,378 монет / 103 опыта,38.689,40,"Михаил Куликов (таблица ""Рыбы по алфавиту"")",15.12.2022,Крючок 6.х
Берш,06. Затерянное Озеро,Икра,5.0 м,132 монет / 20 опыта,0.986,3.1,"Михаил Куликов (таблица ""Рыбы по алфавиту"")",15.12.2022,Крючок 3.х
Большеротый Буффало,28. Озеро Луиз,Личинка Ручейника 7.0 м,Личинка Ручейника 7.0 м,303 монет / 111 опыта,45.784,46.2,"Михаил Куликов (таблица ""Рыбы по алфавиту"")",15.12.2022,Крючок 6.х
Большеротый окунь,15. Река Клаус,Живец (средний),8.0 м,321 монет / 42 опыта,11.362,11.4,"Михаил Куликов (таблица ""Рыбы по алфавиту"")",15.12.2022,Крючок 5.х
Веслонос,26. Озеро Тахо,Лягушка,8.9 м,336 монет / 116 опыта,74.483,76,"Михаил Куликов (таблица ""Рыбы по алфавиту"")",15.12.2022,Крючок 6.х; Возможный/неизбежный прилов: Щука Обыкновенная
Вырезуб,04. Озеро Тихое,Креветка,4.2 м,159 монет / 30 опыта,4.534,6.9,"Михаил Куликов (таблица ""Рыбы по алфавиту"")",15.12.2022,Крючок 4.х
Голавль,14. Белые Скалы,Кукуруза,8.4 м,174 монет / 35 опыта,8.116,8.2,"Михаил Куликов (таблица ""Рыбы по алфавиту"")",15.12.2022,Крючок 5.х
Горбыль Серебристый,32. Пещера Пашабей,Крабовое Мясо,14.1 м,445 монет / 121 опыта,56.319,57,"Михаил Куликов (таблица ""Рыбы по алфавиту"")",15.12.2022,"Крючок 6.х; Возможный/неизбежный прилов: Корифена Большая, х Барракуда, х Скат"
Густера,06. Затерянное Озеро,Кукуруза,3.0 м,58 монет / 13 опыта,1.297,1.3,"Михаил Куликов (таблица ""Рыбы по алфавиту"")",15.12.2022,Крючок 3.х
Европейская Ряпушка,24. Река Колорадо,Мотыль,3.4 м,84 монет / 20 опыта,0.31,0.31,"Михаил Куликов (таблица ""Рыбы по алфавиту"")",15.12.2022,Крючок 2.х; Автор лично поймал экземпляр максимального веса (✔)
Елец,36. Залив Кристалино,Червь,5.8 м,165 монет / 37 опыта,0.632,0.65,"Михаил Куликов (таблица ""Рыбы по алфавиту"")",15.12.2022,Крючок 2.х
Ёрш Обыкновенный,01. Озеро Савай,Пиявка,3.0 м,45 монет / 10 опыта,0.23,0.23,"Михаил Куликов (таблица ""Рыбы по алфавиту"")",15.12.2022,Крючок 1.х; Автор лично поймал экземпляр максимального веса (✔)
Ёрш Полосатый,02. Река Горбыль,Личинка Короеда,3.0 м,49 монет / 9 опыта,0.245,0.25,"Михаил Куликов (таблица ""Рыбы по алфавиту"")",15.12.2022,Крючок 1.х
Желтощёк,46. Река Ли,Живец (средний),9.3 м,582 монет / 171 опыта,51.281,52.8,"Михаил Куликов (таблица ""Рыбы по алфавиту"")",15.12.2022,Крючок 5.х; 6.х; Возможный/неизбежный прилов: Персидский Осётр
Жерех,08. Озеро Кускон,Личинка Майского Жука,6.0 м,231 монет / 46 опыта,1.181,12.3,"Михаил Куликов (таблица ""Рыбы по алфавиту"")",15.12.2022,Крючок 6.х
Зеркальный Карп,20. Река Таби,Кукуруза,5.1 м,375 монет / 73 опыта,17.307,33.4,"Михаил Куликов (таблица ""Рыбы по алфавиту"")",15.12.2022,Крючок 6.х
Змееголов,16. Каменный Берег,Живец (маленький),3.0 м,285 монет / 48 опыта,12.925,13.5,"Михаил Куликов (таблица ""Рыбы по алфавиту"")",15.12.2022,Крючок 6.х
Золотистый Дорадо,44. Остров Робинзон,Кальмар,9.1 м,609 монет / 230 опыта,36.913,45.2,"Михаил Куликов (таблица ""Рыбы по алфавиту"")",15.12.2022,"Крючок 6.х. ИЛИ Воблер Snake Head или ниже с 15.0 м по верху (прилов - Тигровая Акула); Возможный/неизбежный прилов: Рифовая Акула, х Корифена Большая"
Золотистый Линь,07. Руины,Горох,7.0 м,198 монет / 37 опыта,8.027,8.1,"Михаил Куликов (таблица ""Рыбы по алфавиту"")",15.12.2022,Крючок 5.х; Автор лично поймал экземпляр максимального веса (✔)
Зубан,32. Пещера Пашабей,Мидия,12.1 м,408 монет / 111 опыта,14.009,14.2,"Михаил Куликов (таблица ""Рыбы по алфавиту"")",15.12.2022,Крючок 6.х
Испанская Макрель,32. Пещера Пашабей,Кальмар,4.1 м,465 монет / 111 опыта,6.186,6.2,"Михаил Куликов (таблица ""Рыбы по алфавиту"")",15.12.2022,Крючок 4.х
Каменный Окунь,44. Остров Робинзон,Креветка,3.0 м,126 монет / 28 опыта,3.169,3.25,"Михаил Куликов (таблица ""Рыбы по алфавиту"")",15.12.2022,Крючок 4.х; Автор лично поймал экземпляр максимального веса (✔)
Карась Обыкновенный,01. Озеро Савай,Хлеб,4.1 м,58 монет / 16 опыта,2.009,3.5,"Михаил Куликов (таблица ""Рыбы по алфавиту"")",15.12.2022,Крючок 4.х
Карась Серебрянный,10. Изумрудное Озеро,Хлеб,5.2 м,52 монет / 10 опыта,1.942,2,"Михаил Куликов (таблица ""Рыбы по алфавиту"")",15.12.2022,Крючок 3.х
Кефаль,32. Пещера Пашабей,Креветка,3.0 м,94 монет / 27 опыта,7.195,7.2,"Михаил Куликов (таблица ""Рыбы по алфавиту"")",15.12.2022,Крючок 4.х
Кижуч,39. Ледник,,,336 монет / 207 опыта,15.698,16.2,"Михаил Куликов (таблица ""Рыбы по алфавиту"")",15.12.2022,"Крючок Воблер Alpha Diver с 15.0 м до ≈ 9.0 м по дну; Возможный/неизбежный прилов: Стерлядь, х Налим"
Китайский Веслонос,46. Река Ли,Рак,10.9 м,904 монет / 246 опыта,196.262,200,"Михаил Куликов (таблица ""Рыбы по алфавиту"")",15.12.2022,Крючок 6.3
Китайский Окунь,20. Река Таби,Креветка,7.2 м,186 монет / 51 опыта,3.656,8.0,"Михаил Куликов (таблица ""Рыбы по алфавиту"")",15.12.2022,Крючок 4.х
Клариевый Сом,45. Река Кафуэ,Лягушка,13.5 м,687 монет / 231 опыта,60.977,63.2,"Михаил Куликов (таблица ""Рыбы по алфавиту"")",15.12.2022,Крючок 6.х; Возможный/неизбежный прилов: Тигровая Рыба
Корифена Большая,32. Пещера Пашабей,Рак,8.8 м,427 монет / 115 опыта,40.653,41,"Михаил Куликов (таблица ""Рыбы по алфавиту"")",15.12.2022,Крючок 6.х
Косатка Скрипун,08. Озеро Кускон,Опарыш,3.0 м,55 монет / 16 опыта,0.682,0.7,"Михаил Куликов (таблица ""Рыбы по алфавиту"")",15.12.2022,Крючок 2.х
Краснобрюхая Пиранья,25. Река Амазонка,Креветка,3.0 м,106 монет / 59 опыта,3.898,3.9,"Михаил Куликов (таблица ""Рыбы по алфавиту"")",15.12.2022,Крючок 4.х
Краснопёрка,08. Озеро Кускон,Муха,3.7 м,70 монет / 16 опыта,1.566,1.9,"Михаил Куликов (таблица ""Рыбы по алфавиту"")",15.12.2022,Крючок 3.х
Красный Луциан,44. Остров Робинзон,Рак,7.4 м,442 монет / 218 опыта,14.745,15.4,"Михаил Куликов (таблица ""Рыбы по алфавиту"")",15.12.2022,Крючок 6.х
Крокодил Альбинос,45. Река Кафуэ,Лягушка,5.2 м,1066 монет / 295 опыта,51.844,200.0,"Михаил Куликов (таблица ""Рыбы по алфавиту"")",15.12.2022,Крючок 6.3; Возможный/неизбежный прилов: Крокодил Нильский
Крокодил Нильский,45. Река Кафуэ,Лягушка,5.2 м,912 монет / 260 опыта,53.443,200.0,"Михаил Куликов (таблица ""Рыбы по алфавиту"")",15.12.2022,Крючок 6.3; Возможный/неизбежный прилов: Крокодил Альбинос
Ленок,22. Холодное Озеро,Опарыш,11.1 м,267 монет / 48 опыта,6.885,7.1,"Михаил Куликов (таблица ""Рыбы по алфавиту"")",15.12.2022,Крючок 4.х
Лещ,04. Озеро Тихое,Каша Манная,4.4 м,186 монет / 28 опыта,2.865,6.2,"Михаил Куликов (таблица ""Рыбы по алфавиту"")",15.12.2022,Крючок 4.х
Линь,06. Затерянное Озеро,Медведка,6.4 м,175 монет / 33 опыта,7.602,7.9,"Михаил Куликов (таблица ""Рыбы по алфавиту"")",15.12.2022,Крючок 4.х
Луфарь,12. Райский Остров,Мидия,4.4 м,213 монет / 38 опыта,12.963,14.7,"Михаил Куликов (таблица ""Рыбы по алфавиту"")",15.12.2022,Крючок 6.х
Луциан Императорский,44. Остров Робинзон,Живец (средний),5.1 м,453 монет / 218 опыта,32.543,34,"Михаил Куликов (таблица ""Рыбы по алфавиту"")",15.12.2022,Крючок 6.х
Маринка,14. Белые Скалы,Живец (маленький),5.3 м,312 монет / 46 опыта,5.045,11.9,"Михаил Куликов (таблица ""Рыбы по алфавиту"")",15.12.2022,Крючок 5.х
Менёк,43. Долина Ветров,Рак,13.1 м,570 монет / 208 опыта,30.372,31,"Михаил Куликов (таблица ""Рыбы по алфавиту"")",15.12.2022,Крючок 6.х
Микижа,06. Затерянное Озеро,Муха,3.0 м,72 монет / 16 опыта,2.827,3.3,"Михаил Куликов (таблица ""Рыбы по алфавиту"")",15.12.2022,Крючок 4.х; Автор лично поймал экземпляр максимального веса (✔)
Миссисипский Панцирник,29. Озеро Дайл,Живец (большой),5.1 м,699 монет / 191 опыта,131.952,132,"Михаил Куликов (таблица ""Рыбы по алфавиту"")",15.12.2022,Крючок 6.2/3
Мозамбикская Тиляпия,45. Река Кафуэ,Пиявка,3.0 м,184 монет / 142 опыта,1.229,1.23,"Михаил Куликов (таблица ""Рыбы по алфавиту"")",15.12.2022,Крючок 3.х
Морской Окунь,12. Райский Остров,Креветка,9.9 м,231 монет / 61 опыта,20.802,21,"Михаил Куликов (таблица ""Рыбы по алфавиту"")",15.12.2022,Крючок 6.х
Муксун,10. Изумрудное Озеро,Мотыль,4.8 м,141 монет / 33 опыта,2.617,8.3,"Михаил Куликов (таблица ""Рыбы по алфавиту"")",15.12.2022,Крючок 5.х
Налим,16. Каменный Берег,Кусок Рыбы,7.3 м,537 монет / 63 опыта,13.406,18.2,"Михаил Куликов (таблица ""Рыбы по алфавиту"")",15.12.2022,Крючок 6.х
Нельма,46. Река Ли,Живец (большой),3.0 м,621 монет / 178 опыта,51.071,52,"Михаил Куликов (таблица ""Рыбы по алфавиту"")",15.12.2022,Крючок 6.х
Нерка,41. Река Исикари,Пиявка,3.0 м,177 монет / 33 опыта,3.121,5.3,"Михаил Куликов (таблица ""Рыбы по алфавиту"")",15.12.2022,Крючок 4.х
Нильский Окунь,45. Река Кафуэ,Рак,8.7 м,858 монет / 246 опыта,114.247,200.0,"Михаил Куликов (таблица ""Рыбы по алфавиту"")",15.12.2022,Крючок 6.3; Возможный/неизбежный прилов: Тигровая Рыба
Нильский Слоник,45. Река Кафуэ,Мотыль,3.0 м,204 монет / 120 опыта,0.189,0.36,"Михаил Куликов (таблица ""Рыбы по алфавиту"")",15.12.2022,Крючок 2.х; Автор лично поймал экземпляр максимального веса (✔)
Обыкновенный Валёк,02. Река Горбыль,Муха,3.0 м,50 монет / 13 опыта,2.002,2.1,"Михаил Куликов (таблица ""Рыбы по алфавиту"")",15.12.2022,Крючок 3.х
Обыкновенный Верхогляд,26. Озеро Тахо,Живец (маленький),3.0 м,285 монет / 63 опыта,9.228,9.6,"Михаил Куликов (таблица ""Рыбы по алфавиту"")",15.12.2022,Крючок 5.х
Обыкновенный Лопатонос,15. Река Клаус,Сверчок,3.7 м,130 монет / 26 опыта,3.439,4.9,"Михаил Куликов (таблица ""Рыбы по алфавиту"")",15.12.2022,Крючок 4.х
Обыкновенный Подуст,02. Река Горбыль,Опарыш,3.0 м,56 монет / 13 опыта,2.171,2.2,"Михаил Куликов (таблица ""Рыбы по алфавиту"")",15.12.2022,Крючок 3.х; Возможный/неизбежный прилов: Обыкновенный Валёк
Обыкновенный Таймень,34. Долина Камней,Живец (средний),6.2 м,532 монет / 147 опыта,87.07,89,"Михаил Куликов (таблица ""Рыбы по алфавиту"")",15.12.2022,Крючок 6.х
Окунь Речной,02. Река Горбыль,Личинка Майского Жука,5.8 м,123 монет / 21 опыта,0.803,3.2,"Михаил Куликов (таблица ""Рыбы по алфавиту"")",15.12.2022,Крючок 4.х
Осман,04. Озеро Тихое,Червь,3.0 м,58 монет / 12 опыта,1.191,1.24,"Михаил Куликов (таблица ""Рыбы по алфавиту"")",15.12.2022,Крючок 3.х
Павлиний Басс,25. Река Амазонка,Креветка,4.2 м,337 монет / 63 опыта,13.028,13.2,"Михаил Куликов (таблица ""Рыбы по алфавиту"")",15.12.2022,Крючок 6.х
Пайяра,25. Река Амазонка,Креветка,9.0 м,319 монет / 67 опыта,17.865,18.2,"Михаил Куликов (таблица ""Рыбы по алфавиту"")",15.12.2022,Крючок 6.х
Паку,25. Река Амазонка,Живец (маленький),7.1 м,411 монет / 73 опыта,23.993,25.0,"Михаил Куликов (таблица ""Рыбы по алфавиту"")",15.12.2022,Крючок 6.х
Палтус Атлантический,39. Ледник,Живец (большой),9.0 м,784 монет / 236 опыта,191.995,200,"Михаил Куликов (таблица ""Рыбы по алфавиту"")",15.12.2022,"Крючок 6.3; Возможный/неизбежный прилов: Сибирский Осётр, х Обыкновенный Таймень"
Пеламида,44. Остров Робинзон,Креветка,4.6 м,433 монет / 116 опыта,11.787,12,"Михаил Куликов (таблица ""Рыбы по алфавиту"")",15.12.2022,Крючок 5.х
Пелядь,14. Белые Скалы,Червь,3.0 м,82 монет / 22 опыта,1.174,4.9,"Михаил Куликов (таблица ""Рыбы по алфавиту"")",15.12.2022,Крючок 4.х
Персидский Осётр,46. Река Ли,Живец (средний),12.0 м,642 монет / 210 опыта,160.893,163,"Михаил Куликов (таблица ""Рыбы по алфавиту"")",15.12.2022,Крючок 6.3
Пескарь,01. Озеро Савай,Червь,8.4 м,48 монет / 8 опыта,0.181,0.2,"Михаил Куликов (таблица ""Рыбы по алфавиту"")",15.12.2022,Крючок 1.х; Автор лично поймал экземпляр максимального веса (✔)
Пёстрый Толстолобик,46. Река Ли,Кукуруза,3.0 м,618 монет / 163 опыта,42.986,44,"Михаил Куликов (таблица ""Рыбы по алфавиту"")",15.12.2022,Крючок 6.х; Возможный/неизбежный прилов: Белый Карп
Пилорылый Скат,44. Остров Робинзон,,,949 монет / 246 опыта,195.361,200.0,"Михаил Куликов (таблица ""Рыбы по алфавиту"")",15.12.2022,"Крючок Воблер Predator Pro с 15.0 м до 10.0 м над дном; Возможный/неизбежный прилов: Рыба Гитара, х Тунец, х Скат"
Пикша,39. Ледник,Живец (средний),7.1 м,334 монет / 203 опыта,12.502,12.7,"Михаил Куликов (таблица ""Рыбы по алфавиту"")",15.12.2022,Крючок 6.х; Возможный/неизбежный прилов: Полосатая Зубатка
Плотва Обыкновенная,01. Озеро Савай,Сыр,5.5 м,46 монет / 14 опыта,3.041,3.1,"Михаил Куликов (таблица ""Рыбы по алфавиту"")",15.12.2022,Крючок 3.х
Подлещик,02. Река Горбыль,Тесто,3.0 м,55 монет / 9 опыта,1.533,1.55,"Михаил Куликов (таблица ""Рыбы по алфавиту"")",15.12.2022,Крючок 3.х
Полосатая Зубатка,39. Ледник,Живец (средний),4.4 м,519 монет / 186 опыта,12.989,24.1,"Михаил Куликов (таблица ""Рыбы по алфавиту"")",15.12.2022,Крючок 6.х
Полосатый Лаврак,32. Пещера Пашабей,Креветка,12.4 м,348 монет / 116 опыта,55.461,58,"Михаил Куликов (таблица ""Рыбы по алфавиту"")",15.12.2022,Крючок 6.х
Помпано,12. Райский Остров,Мидия,11.5 м,411 монет / 83 опыта,36.164,36.4,"Михаил Куликов (таблица ""Рыбы по алфавиту"")",15.12.2022,Крючок 6.х
Пятнистая Панцирная Щука,22. Холодное Озеро,Кусок Рыбы,4.4 м,250 монет / 39 опыта,4.365,4.4,"Михаил Куликов (таблица ""Рыбы по алфавиту"")",15.12.2022,Крючок 4.х
Речная Минога,41. Река Исикари,Пиявка,14.0 м,208 монет / 107 опыта,0.179,0.185,"Михаил Куликов (таблица ""Рыбы по алфавиту"")",15.12.2022,Крючок 1.х
Рифовая Акула,44. Остров Робинзон,Живец (большой),9.0 м,562 монет / 206 опыта,15.555,28.0,"Михаил Куликов (таблица ""Рыбы по алфавиту"")",15.12.2022,Крючок 6.х
Ротан,16. Каменный Берег,Червь,3.0 м,72 монет / 14 опыта,0.22,0.22,"Михаил Куликов (таблица ""Рыбы по алфавиту"")",15.12.2022,Крючок 1.х; Автор лично поймал экземпляр максимального веса (✔)
Рыба Ананас,44. Остров Робинзон,Мидия,5.8 м,180 монет / 130 опыта,0.821,0.85,"Михаил Куликов (таблица ""Рыбы по алфавиту"")",15.12.2022,Крючок 1.1
Рыба Гитара,38. Гао Ту,Рак,9.8 м,864 монет / 245 опыта,63.06,200.0,"Михаил Куликов (таблица ""Рыбы по алфавиту"")",15.12.2022,Крючок 6.3; Возможный/неизбежный прилов: Корифена Большая
Рыба Солдат,12. Райский Остров,Креветка,3.0 м,63 монет / 22 опыта,2.197,2.2,"Михаил Куликов (таблица ""Рыбы по алфавиту"")",15.12.2022,Крючок 2.3; Возможный/неизбежный прилов: 5 Рыбов
Рыбец,24. Река Колорадо,Тесто,12.1 м,238 монет / 49 опыта,2.95,2.98,"Михаил Куликов (таблица ""Рыбы по алфавиту"")",15.12.2022,Крючок 3.х
Сазан,16. Каменный Берег,Сверчок,8.2 м,321 монет / 52 опыта,9.419,19.3,"Михаил Куликов (таблица ""Рыбы по алфавиту"")",15.12.2022,Крючок 6.х
Сарган,12. Райский Остров,Креветка,3.0 м,61 монет / 22 опыта,1.495,1.5,"Михаил Куликов (таблица ""Рыбы по алфавиту"")",15.12.2022,Крючок 3.1; Возможный/неизбежный прилов: 5 Рыбов
Севрюга,39. Ледник,"Живец (большой), 10.1 м",6.х.                                                                                                        ЛИБО                                                                                                                                        39. Ледник,519 монет / 231 опыта,6.533,83.0,"Михаил Куликов (таблица ""Рыбы по алфавиту"")",15.12.2022,"Крючок Воблер Predator PRO с 15.0 м до ≈ 10.0 м по середине; Возможный/неизбежный прилов: Белуга, х Сибирский Осётр"
Селена,12. Райский Остров,Креветка,4.6 м,106 монет / 25 опыта,2.18,2.2,"Михаил Куликов (таблица ""Рыбы по алфавиту"")",15.12.2022,Крючок 3.1; Возможный/неизбежный прилов: 5 Рыбов
Серебристая Сайда,43. Долина Ветров,Кусок Рыбы,3.0 м,501 монет / 161 опыта,14.796,17.2,"Михаил Куликов (таблица ""Рыбы по алфавиту"")",15.12.2022,Крючок 6.х
Серый Спинорог,12. Райский Остров,Креветка,3.0 м,82 монет / 23 опыта,3.898,3.9,"Михаил Куликов (таблица ""Рыбы по алфавиту"")",15.12.2022,Крючок 4.х; Возможный/неизбежный прилов: Кефаль
Сиамский Карп,46. Река Ли,Медведка,8.1 м,876 монет / 243 опыта,192.858,200,"Михаил Куликов (таблица ""Рыбы по алфавиту"")",15.12.2022,Крючок 6.3
Сибирский Осётр,39. Ледник,Лягушка,8.7 м,738 монет / 220 опыта,36.748,200.0,"Михаил Куликов (таблица ""Рыбы по алфавиту"")",15.12.2022,Крючок 6.3
Сиг,16. Каменный Берег,Живец (маленький),4.8 м,231 монет / 38 опыта,6.354,6.6,"Михаил Куликов (таблица ""Рыбы по алфавиту"")",15.12.2022,"Крючок 4.х; Возможный/неизбежный прилов: Змееголов, х Щука Травянка"
Синец,06. Затерянное Озеро,Сыр,3.0 м,70 монет / 13 опыта,1.577,1.6,"Михаил Куликов (таблица ""Рыбы по алфавиту"")",15.12.2022,Крючок 3.х
Скат,32. Пещера Пашабей,Рак,14.1 м,634 монет / 147 опыта,66.3,68,"Михаил Куликов (таблица ""Рыбы по алфавиту"")",15.12.2022,Крючок 6.х; Возможный/неизбежный прилов: Корифена Большая
Скорпена,12. Райский Остров,Креветка,3.0 м,63 монет / 24 опыта,1.282,1.3,"Михаил Куликов (таблица ""Рыбы по алфавиту"")",15.12.2022,Крючок 3.1; Возможный/неизбежный прилов: 5 Рыбов
Сом,10. Изумрудное Озеро,Живец (большой),7.9 м,876 монет / 242 опыта,4.003,200.0,"Михаил Куликов (таблица ""Рыбы по алфавиту"")",15.12.2022,Крючок 6.3
Сом Амурский,20. Река Таби,Живец (средний),5.7 м,270 монет / 61 опыта,6.254,8.7,"Михаил Куликов (таблица ""Рыбы по алфавиту"")",15.12.2022,Крючок 5.х; Автор лично поймал экземпляр максимального веса (✔)
Стерлядь,34. Долина Камней,Кусок Рыбы,6.5 м,411 монет / 148 опыта,17.185,17.2,"Михаил Куликов (таблица ""Рыбы по алфавиту"")",15.12.2022,Крючок 6.х
Судак,20. Река Таби,Живец (маленький),9.5 м,357 монет / 61 опыта,20.721,21.2,"Михаил Куликов (таблица ""Рыбы по алфавиту"")",15.12.2022,Крючок 6.х
Тетрадон Мбу,45. Река Кафуэ,Мидия,4.8 м,207 монет / 174 опыта,3.117,3.12,"Михаил Куликов (таблица ""Рыбы по алфавиту"")",15.12.2022,Крючок 4.х
Тигровая Акула,44. Остров Робинзон,Кальмар,10.1 м,885 монет / 243 опыта,68.135,200.0,"Михаил Куликов (таблица ""Рыбы по алфавиту"")",15.12.2022,"Крючок 6.3. ИЛИ Воблер Predator Pro с 15.0 м до 10.0 м по верху (прилова нет, у меня не было); Возможный/неизбежный прилов: Рифовая Акула, х Золотистый Дорадо, х Корифена Большая"
Тигровая Рыба,45. Река Кафуэ,Рак,7.7 м,642 монет / 235 опыта,53.183,54,"Михаил Куликов (таблица ""Рыбы по алфавиту"")",15.12.2022,Крючок 6.х
Толстолобик,16. Каменный Берег,Горох,5.5 м,477 монет / 91 опыта,10.202,52.0,"Михаил Куликов (таблица ""Рыбы по алфавиту"")",15.12.2022,Крючок 6.х
Тунец,38. Гао Ту,Кальмар,10.1 м,895 монет / 248 опыта,193.439,200.0,"Михаил Куликов (таблица ""Рыбы по алфавиту"")",15.12.2022,"Крючок 6.3. ЛИБО (без прилова, у меня по крайне мере) Воблер Predator Pro c 15.0 м до ≈ 8.0 м по дну (44. Остров Робинзон); Возможный/неизбежный прилов: Барракуда, х Корифена Большая"
Угорь,18. Озеро Вабакими,Сыр,3.0 м,414 монет / 47 опыта,1.527,8.202,"Михаил Куликов (таблица ""Рыбы по алфавиту"")",15.12.2022,Крючок 4.х; Автор лично поймал экземпляр максимального веса (✔)
Уклейка,01. Озеро Савай,Манная Каша,3.0 м,36 монет / 8 опыта,0.097,0.1,"Михаил Куликов (таблица ""Рыбы по алфавиту"")",15.12.2022,Крючок 1.х; Автор лично поймал экземпляр максимального веса (✔)
Усач Обыкновенный,10. Изумрудное Озеро,Сыр,4.8 м,319 монет / 41 опыта,0.799,11.8,"Михаил Куликов (таблица ""Рыбы по алфавиту"")",15.12.2022,Крючок 5.х
Форель Ручьевая,14. Белые Скалы,Икра,5.4 м,211 монет / 33 опыта,1.163,7.6,"Михаил Куликов (таблица ""Рыбы по алфавиту"")",15.12.2022,Крючок 4.х
Хариус,10. Изумрудное Озеро,Икра,3.0 м,129 монет / 24 опыта,4.286,6.3,"Михаил Куликов (таблица ""Рыбы по алфавиту"")",15.12.2022,Крючок 4.х
Хвостокол,25. Река Амазонка,Креветка,12.1 м,357 монет / 76 опыта,17.428,18.0,"Михаил Куликов (таблица ""Рыбы по алфавиту"")",15.12.2022,Крючок 6.х
Черепаха Логгерхед,44. Остров Робинзон,Мидия,3.0 м,861 монет / 248 опыта,165.91,200.0,"Михаил Куликов (таблица ""Рыбы по алфавиту"")",15.12.2022,Крючок 6.3
Черный Кайман,25. Река Амазонка,Лягушка,7.1 м,951 монет / 248 опыта,193.173,200.0,"Михаил Куликов (таблица ""Рыбы по алфавиту"")",15.12.2022,Крючок 6.3
Чёрный Краппи,24. Река Колорадо,Креветка,9.0 м,250 монет / 53 опыта,1.279,2.7,"Михаил Куликов (таблица ""Рыбы по алфавиту"")",15.12.2022,Крючок 3.х
Чехонь,14. Белые Скалы,Опарыш,3.0 м,56 монет / 15 опыта,2.28,2.3,"Михаил Куликов (таблица ""Рыбы по алфавиту"")",15.12.2022,Крючок 3.х; Возможный/неизбежный прилов: Пелядь
Чир,34. Долина Камней,Живец (маленький),10.5 м,321 монет / 136 опыта,16,17.3,"Михаил Куликов (таблица ""Рыбы по алфавиту"")",15.12.2022,"Крючок 6.х; Возможный/неизбежный прилов: Налим, х Стерлядь"
Шестиполосный Дистиход,45. Река Кафуэ,Червь,3.0 м,216 монет / 170 опыта,3,3.2,"Михаил Куликов (таблица ""Рыбы по алфавиту"")",15.12.2022,Крючок 4.х; Автор лично поймал экземпляр максимального веса (✔)
Шип,26. Озеро Тахо,Живец (средний),13.8 м,247 монет / 86 опыта,34.14,35,"Михаил Куликов (таблица ""Рыбы по алфавиту"")",15.12.2022,"Крючок 6.х; Возможный/неизбежный прилов: Судак, х Щука Обыкновенная, х Щука Глубинная"
Щука Амурская,20. Река Таби,Живец (средний),12.4 м,408 монет / 61 опыта,20.27,21,"Михаил Куликов (таблица ""Рыбы по алфавиту"")",15.12.2022,"Крючок 6.х; Возможный/неизбежный прилов: Судак, х Щука обыкновенная"
Щука Глубинная,26. Озеро Тахо,Лягушка,13.8 м,625 монет / 167 опыта,41.944,94.0,"Михаил Куликов (таблица ""Рыбы по алфавиту"")",15.12.2022,Крючок 6.х; Возможный/неизбежный прилов: Щука Обыкновенная
Щука Маскинонг,29. Озеро Дайл,Лягушка,7.3 м,474 монет / 87 опыта,4.299,32.8,"Михаил Куликов (таблица ""Рыбы по алфавиту"")",15.12.2022,"Крючок 6.х; Возможный/неизбежный прилов: Щука Обыкновенная, х Миссисипский Панцирник"
Щука Обыкновенная,20. Река Таби,Живец (большой),6.4 м,429 монет / 86 опыта,4.165,37.0,"Михаил Куликов (таблица ""Рыбы по алфавиту"")",15.12.2022,Крючок 6.х
Щука Травянка,10. Изумрудное Озеро,Личинка Майского Жука,3.0 м,252 монет / 22 опыта,0.75,3.15,"Михаил Куликов (таблица ""Рыбы по алфавиту"")",15.12.2022,Крючок 4.х; Автор лично поймал экземпляр максимального веса (✔)
Электрический Сом,45. Река Кафуэ,Живец (средний),6.5 м,640 монет / 221 опыта,8.915,25.4,"Михаил Куликов (таблица ""Рыбы по алфавиту"")",15.12.2022,Крючок 6.х
Электрический Угорь,25. Река Амазонка,Крабовое Мясо,3.0 м,445 монет / 106 опыта,40.91,42.0,"Михаил Куликов (таблица ""Рыбы по алфавиту"")",15.12.2022,Крючок 6.х
Язь,08. Озеро Кускон,Овод,7.6 м,175 монет / 28 опыта,4.141,6.1,"Михаил Куликов (таблица ""Рыбы по алфавиту"")",15.12.2022,Крючок 4.х
Японский Речной Угорь,41. Река Исикари,Майский Жук,3.0 м,444 монет / 147 опыта,4.284,4.35,"Михаил Куликов (таблица ""Рыбы по алфавиту"")",15.12.2022,Крючок 4.х
Глазорвач,07. Руины,Муха + Кровь,3.0 м,3745 монет / 172 опыта,1.418,21.6,"Михаил Куликов (таблица ""Рыбы по алфавиту"")",15.12.2022,Крючок 4.х; Возможный/неизбежный прилов: Микижа
Песчаный Убийца,12. Райский Остров,Мидия + Кровь,4.4 м,5431 монет / 182 опыта,5.949,25.0,"Михаил Куликов (таблица ""Рыбы по алфавиту"")",15.12.2022,Крючок 6.х; Возможный/неизбежный прилов: Луфарь
Каменный призрак,16. Каменный Берег,Живец (маленький) + Кровь,3.0 м,3937 монет / 186 опыта,30.266,67.0,"Михаил Куликов (таблица ""Рыбы по алфавиту"")",15.12.2022,Крючок 6.х; Возможный/неизбежный прилов: Змееголов
Рыба Капля,18. Озеро Вабакими,Живец (маленький) + Кровь,3.0 м,4465 монет / 222 опыта,9.202,47.0,"Михаил Куликов (таблица ""Рыбы по алфавиту"")",15.12.2022,Крючок 6.х; Возможный/неизбежный прилов: Змееголов
Лезвие,25. Река Амазонка,Крабовое Мясо + Кровь,3.0 м,5086 монет / 165 опыта,4.021,15.0,"Михаил Куликов (таблица ""Рыбы по алфавиту"")",15.12.2022,Крючок 6.х; Возможный/неизбежный прилов: Электрический Угорь
Раптор,25. Река Амазонка,Крабовое Мясо + Кровь,3.0 м,4744 монет / 147 опыта,2.316,12.0,"Михаил Куликов (таблица ""Рыбы по алфавиту"")",15.12.2022,Крючок 6.х; Возможный/неизбежный прилов: Электрический Угорь
Ледяной Охотник,39. Ледник,Живец (средний),4.4 м,12267 монет / 368 опыта,102.061,200.0,"Михаил Куликов (таблица ""Рыбы по алфавиту"")",15.12.2022,Крючок 6.х; Возможный/неизбежный прилов: Полосатая Зубатка
Рыба Мертвец,40. Зона 86,Пиявка + Кровь,3.0 м,9220 монет / 320 опыта,7.151,120.0,"Михаил Куликов (таблица ""Рыбы по алфавиту"")",15.12.2022,Крючок 4.х; Возможный/неизбежный прилов: Угорь
Поглотитель,40. Зона 86,Пиявка + Кровь,3.0 м,12903 монет / 373 опыта,80.193,200.0,"Михаил Куликов (таблица ""Рыбы по алфавиту"")",15.12.2022,Крючок 4.х; Возможный/неизбежный прилов: Угорь
Тень Зоны,40. Зона 86,Пиявка + Кровь,3.0 м,12333 монет / 360 опыта,65.779,200.0,"Михаил Куликов (таблица ""Рыбы по алфавиту"")",15.12.2022,Крючок 4.х; Возможный/неизбежный прилов: Угорь
Онамадзу,41. Река Исикари,Пиявка + Кровь,3.0 м,13117 монет / 386 опыта,84.892,200.0,"Михаил Куликов (таблица ""Рыбы по алфавиту"")",15.12.2022,Крючок 4.х; Возможный/неизбежный прилов: Нерка
Химера,42. Мрачная Река,Живец (маленький) + Кровь,3.0 м,12631 монет / 377 опыта,30.54,200.0,"Михаил Куликов (таблица ""Рыбы по алфавиту"")",15.12.2022,Крючок 5.х; Возможный/неизбежный прилов: Обыкновенный Верхогляд
Жнец,42. Мрачная Река,Живец (маленький) + Кровь,3.0 м,13092 монет / 383 опыта,59.329,200.0,"Михаил Куликов (таблица ""Рыбы по алфавиту"")",15.12.2022,Крючок 5.х; Возможный/неизбежный прилов: Обыкновенный Верхогляд
Акула Гоблин,44. Остров Робинзон,Креветка + Кровь,Креветка + Кровь,12963 монет / 372 опыта,194.931,200.0,"Михаил Куликов (таблица ""Рыбы по алфавиту"")",15.12.2022,Крючок 3.0 м; Возможный/неизбежный прилов: Каменный Окунь
Мегалодон,44. Остров Робинзон,Креветка + Кровь,Креветка + Кровь,13136 монет / 390 опыта,146.048,200.0,"Михаил Куликов (таблица ""Рыбы по алфавиту"")",15.12.2022,Крючок 3.0 м; Возможный/неизбежный прилов: Каменный Окунь
Анаконда,45. Река Кафуэ,Червь + Кровь,3.0 м,12700 монет / 385 опыта,114.453,200.0,"Михаил Куликов (таблица ""Рыбы по алфавиту"")",15.12.2022,Крючок 4.х; Возможный/неизбежный прилов: Шестиполосный Дистиход
Кошмар,46. Река Ли,Сыр + Кровь,3.0 м,8502 монет / 332 опыта,174.913,200.0,"Михаил Куликов (таблица ""Рыбы по алфавиту"")",15.12.2022,Крючок 6.х; Возможный/неизбежный прилов: Белый Карп
Живоглот,46. Река Ли,Сыр + Кровь,3.0 м,12039 монет / 372 опыта,127.91,200.0,"Михаил Куликов (таблица ""Рыбы по алфавиту"")",15.12.2022,Крючок 6.х; Возможный/неизбежный прилов: Белый Карп
Кинста,Луна,Воблер Big Hunter с 7.0 - 8.0 м по середине,,987 монет / 305 опыта,3.712,44.0,"Михаил Куликов (таблица ""Рыбы по алфавиту"")",15.12.2022,
Трафальгар,Луна,Воблер Predator Pro с 7.0 - 8.0 м по верху,,1005 монет / 311 опыта,28.569,52.0,"Михаил Куликов (таблица ""Рыбы по алфавиту"")",15.12.2022,
Панзерус,Луна,Воблер Predator Pro с 15.0 м до ≈ 8.0 м по верху,,1056 монет / 336 опыта,7.839,80.0,"Михаил Куликов (таблица ""Рыбы по алфавиту"")",15.12.2022,
Карин,Луна,Воблер Predator Pro с 15.0 м до ≈ 8.0 м по середине,,1089 монет / 347 опыта,20.697,112.0,"Михаил Куликов (таблица ""Рыбы по алфавиту"")",15.12.2022,Возможный/неизбежный прилов: Газилиус
Газилиус,Луна,Воблер Predator Pro с 15.0 м до ≈ 8.0 м по середине,,1377 монет / 478 опыта,74.664,200.0,"Михаил Куликов (таблица ""Рыбы по алфавиту"")",15.12.2022,Возможный/неизбежный прилов: Карин
Виена,Луна,Воблер Alpha Diver и выше + Кровь с 10.0 / 15.0 м по верху / по середине,,13701 монет / 585 опыта,10.202,200.0,"Михаил Куликов (таблица ""Рыбы по алфавиту"")",15.12.2022,Возможный/неизбежный прилов: Все
Скрумпер,Луна,Воблер Alpha Diver и выше + Кровь с 15.0 м до ≈ 8.0 м по верху / по середине,,13425 монет / 553 опыта,117.226,200.0,"Михаил Куликов (таблица ""Рыбы по алфавиту"")",15.12.2022,"Возможный/неизбежный прилов: Все, кроме Трафальгар"
Зой,Луна,Воблер Alpha Diver и выше + Кровь с 11.0 м по верху / по середине,,12144 монет / 515 опыта,56.845,130.0,"Михаил Куликов (таблица ""Рыбы по алфавиту"")",15.12.2022,Возможный/неизбежный прилов: Все
Лезвие (совет по времени),Река Амазонка,,,,4.021,15.0,Алексей Сергеев,30.12.2022,Лучше ловить утром
Раптор (совет по времени),Река Амазонка,,,,2.316,12.0,Алексей Сергеев,30.12.2022,Лучше ловить вечером
Пайяра (уточнение дистанции),Река Амазонка,,8.9 м,,17.865,18.2,Алексей Сергеев,31.12.2022,На 7.1м (как в некоторых таблицах) в основном идёт прилов — Павлиний Басс
Рыба Капля (прилов к угрю),Озеро Вабакими,Сыр,,,9.202,47.0,Алексей Сергеев,24.12.2022,При целевой ловле угря на сыр — примерно 2 из 100 поклёвок оказываются рыбой-каплей
Песчаный Убийца (доп. подтверждение),Райский остров,,,,5.949,25.0,Romanne Abramovich,24.01.2023,
Тень Зоны (доп. данные по фарму),,,,,65.779,200.0,Роман Калачев,27.01.2023,"Задание поймать 11 шт.: итог — 21 Поглотитель, 17 Рыба Мертвец в качестве прилова; потрачено 9 крови, 9 энергетиков и прикормки, 45 золота"
Мегалодон (пойманный экземпляр),Остров Робинзон,Креветка,3 м,,146.048,200.0,Роман Калачев,28.01.2023,Крючок 4; трофей
Акула Гоблин (пойманный экземпляр),Остров Робинзон,Креветка,,,194.931,200.0,Роман Калачев,28.01.2023,Трофей; ловля с энергетиком и кровью
Анаконда (пойманный экземпляр),Река Кафуэ,Червь,,,114.453,200.0,Роман Калачев,29.01.2023,Трофей; ловля с энергетиком и кровью
Пикша (доп. вариант),Долина Ветров,Маленький живец,7.1-7.2 м,,12.502,12.7,Роман Калачев,30.01.2023,"Крючок 6; альтернативная локация — Ледник, но по мнению автора того не стоит; зачётный прилов — Стерлядь и Серебристая Сайда"
Черепаха Логгерхед (доп. вариант наживки),Остров Робинзон,Мидия,3 м,,165.91,200.0,Роман Калачев,04.02.2023,Крючок 6.3; трофей; альтернатива каменцу Куликова (там наживка Кальмар)
Чёрный Кайман (пойманный экземпляр),Река Амазонка,Лягушка,7.1 м,,194.966,194.966,Роман Калачев,04.02.2023,Крючок 6.3; трофей
Сом (доп. вариант),Изумрудное озеро 2,Воблер,15 м,,4.003,200.0,Фёдор Газизов,09.02.2023,Ближе к коряге; к посту приложено видео
Мегалодон (доп. вариант наживки),Остров Робинзон,Рак,,,146.048,200.0,Александр Иванов,08.02.2023,Альтернатива креветке
Горбыль Серебристый (доп. вариант),,Опарыш,3 м,,56.319,57,Вячеслав Келсеу,17.02.2023,Локация в комментарии не указана
Рыба Капля (без крови),Озеро Вабакими,Медведка / Сыр,3 м,,9.202,47.0,Лёня Скат,23.02.2023,Крючок 1.1; клюёт и без добавления крови
Каменный призрак (доп. наживка),,Кукуруза,,,30.266,67.0,Настя Михайлова,27.02.2023,Позволяет поймать более тяжёлый экземпляр
Амия (доп. наживка),Река Клаус,Кусок рыбы,,,9.433,9.8,Serg Mach,10.03.2023,"Тот же крючок, что и для основного варианта (личинка майского жука); альтернатива хорошо работает"
Селена (заметка о сложности),Райский остров,Креветка,,,2.18,2.2,Serg Mach,10.03.2023,"Очень высокий прилов — автор потратил 200 креветок, поймав немного экземпляров; по мнению автора не стоит усилий ради небольшой награды (5 золота)"
Рыба Капля (доп. наживка),,Хлеб,3 м,,9.202,47.0,Андрей Иванов,26.03.2023,Неплохо клюёт
Жнец (пойманный экземпляр),Мрачная Река,Живец (маленький) + Кровь,3 м,,59.329,200.0,Сергей Ерохин,30.04.2023,Много прилова химерой при выполнении задания на 10 шт
Электрический Сом,,,,2454,8.915,25.296,скан VK-архива (скриншот),26.07.2026,"источник: MFW_VK11_18_ocr.txt, формат: market_list"
Электрический Сом,,,,3472,8.915,25.296,скан VK-архива (скриншот),26.07.2026,"источник: MFW_VK11_18_ocr.txt, формат: market_list"
Толстолобик,,,,3144,10.202,11.988,скан VK-архива (скриншот),26.07.2026,"источник: MFW_VK25_14_ocr.txt, формат: market_list"
Толстолобик,,,,3120,6.544,10.202,скан VK-архива (скриншот),26.07.2026,"источник: MFW_VK25_14_ocr.txt, формат: market_list"
Щука Травянка,,,,199,0.877,3.14,скан VK-архива (скриншот),26.07.2026,"источник: MFW_VK26_11_ocr.txt, формат: market_list"
Сом Амурский,,,,356,6.254,8.684,скан VK-архива (скриншот),26.07.2026,"источник: MFW_VK38_10_ocr.txt, формат: market_list"
Кинста,,,,456,3.712,43.481,скан VK-архива (скриншот),26.07.2026,"источник: MFW_VK38_10_ocr.txt, формат: market_list"
Рыба Капля,,,,866,9.202,46.785,скан VK-архива (скриншот),26.07.2026,"источник: MFW_VK41_12_ocr.txt, формат: market_list"
Рыба Капля,,,,1072,9.202,46.785,скан VK-архива (скриншот),26.07.2026,"источник: MFW_VK41_12_ocr.txt, формат: market_list"
Рыба Капля,,,,95,9.202,46.785,скан VK-архива (скриншот),26.07.2026,"источник: MFW_VK41_12_ocr.txt, формат: market_list"
Глазорвач,,Живец,,2681,1.418,21.509,скан VK-архива (скриншот),26.07.2026,"источник: MFW_VK60_11_ocr.txt, формат: individual"
Рыба Капля,,Сыр,,,9.202,46.785,скан VK-архива (скриншот),26.07.2026,"источник: MFW_VK28_10, только вес+наживка, без цены"
Угорь,Озеро Вабакими,Сыр,,,1.527,8.202,скан VK-архива (скриншот),26.07.2026,"источник: MFW_VK30_12, только вес+наживка"
Рыба Капля,Озеро Вабакими,Сыр,,,9.202,46.785,скан VK-архива (скриншот),26.07.2026,источник: MFW_VK30_13
Рыба Капля,,Живец (маленький),,,9.202,46.785,скан VK-архива (скриншот),26.07.2026,источник: MFW_VK63_9
Угорь,Озеро Вабакими,Сыр,,,1.527,8.202,скан VK-архива (скриншот),26.07.2026,источник: MFW_VK95_8
Ледяной Охотник,,Живец (большой),,14420,102.061,197.565,скан VK-архива (уточнено пользователем),26.07.2026,Личный рекорд; базовая цена без VIP/Трофей бонусов
Песчаный Убийца,,Мидия,,3663,5.949,24.913,скан VK-архива (уточнено пользователем),26.07.2026,НОВЫЙ вид; трофей-бонус +1831 исключён из цены
Песчаный Убийца,,Мидия,,3384,5.949,24.913,скан VK-архива (уточнено пользователем),26.07.2026,цена удвоена рекламой на скрине (6768) - записано базовое значение 6768/2
Песчаный Убийца,,Мидия,,3283,5.949,24.913,скан VK-архива (уточнено пользователем),26.07.2026,
Песчаный Убийца,,Мидия,,2978,5.949,24.913,скан VK-архива (уточнено пользователем),26.07.2026,
Полосатый Лаврак,Пещера Пашабей,Крабовое мясо,,238,57.562,57.562,скан VK-архива (уточнено пользователем),26.07.2026,НОВЫЙ вид; трофей-бонус +119 исключён из цены
Поглотитель,Зона 86,Сыр,,8373,80.193,195.407,скан VK-архива (уточнено пользователем),26.07.2026,"НОВЫЙ вид; трофей/VIP-бонус +4186/+4186 исключён из цены (база=8373, Всего=16745)"
Рыба Капля,Озеро Вабакими,Сыр,,2823,9.202,46.785,скан VK-архива (уточнено пользователем),26.07.2026,
Зой,,Artificial hard crank,,7629,56.845,129.706,скан VK-архива (обсуждение вся рыба),18.07.2022,МОНСТР; база без VIP/Трофей
Песчаный Убийца,Райский остров,Креветка,,3703,5.949,24.913,скан VK-архива (обсуждение вся рыба),18.07.2022,доп. точка калибровки; база без Трофей-бонуса +1851
Вырезуб,Озеро Тихое,Креветка,,106,4.534,6.885,скан VK-архива (обсуждение вся рыба),18.07.2022,база без Трофей-бонуса +53
Линь,Руины,Сыр,,118,7.602,7.846,скан VK-архива (обсуждение вся рыба),18.07.2022,база без Трофей-бонуса +59
Лещ,Руины,Сыр,,124,2.865,6.184,скан VK-архива (обсуждение вся рыба),18.07.2022,база без Трофей-бонуса +62
Угорь,Холодное озеро,Пиявка,,273,1.527,8.202,скан VK-архива (обсуждение вся рыба),18.07.2022,доп. точка калибровки; база без Трофей-бонуса +136
Каменный Окунь,Райский остров,Креветка,,82,3.169,3.242,скан VK-архива (обсуждение вся рыба),18.07.2022,база без VIP+41/Трофей+41 бонусов
Павлиний Басс,Река Амазонка,Креветка,,226,13.156,13.156,скан VK-архива (обсуждение вся рыба),18.07.2022,НОВЫЙ вид; база без VIP+113/Трофей+113 бонусов
Угорь,Холодное озеро,Пиявка,,273,1.527,8.202,"скан VK-стены (18.07.2022, скриншот)",26.07.2026,"Личный рекорд/Трофей; база без VIP/Трофей-бонуса (Всего=409, VIP+136,Трофей+136 исключены)"
Каменный Окунь,Райский остров,Креветка,,82,3.169,3.242,"скан VK-стены (18.07.2022, скриншот)",26.07.2026,"НОВЫЙ вид; база без VIP/Трофей (Всего=164, VIP+41,Трофей+41 исключены)"
Павлиний Басс,Река Амазонка,Креветка,,226,13.156,13.156,"скан VK-стены (18.07.2022, скриншот)",26.07.2026,"НОВЫЙ вид; база без VIP/Трофей (Всего=452, VIP+113,Трофей+113 исключены)"
Зой,,Artificial hard crank,,7629,56.845,129.706,"скан VK-стены (18.07.2022, скриншот)",26.07.2026,"ЛУННАЯ рыба (не обычная!); без VIP/Трофей-бонуса (оба ""---"", значит цена уже базовая)"
Песчаный Убийца,,Креветка,,3703,5.949,24.913,"скан VK-стены (18.07.2022, скриншот)",26.07.2026,5-я калибровочная точка (доп. к уже имеющимся 4); база без Трофей-бонуса (+1851 искл.)
Вырезуб,,Креветка,,106,4.534,6.885,"скан VK-стены (18.07.2022, скриншот)",26.07.2026,первая цена для этого вида (раньше был только вес); база без Трофей (+53 искл.)
Линь,,Сыр,,118,7.602,7.846,"скан VK-стены (18.07.2022, скриншот)",26.07.2026,НОВЫЙ вид; база без Трофей (+59 искл.)
Лещ,,Сыр,,124,2.865,6.184,"скан VK-стены (18.07.2022, скриншот)",26.07.2026,база без Трофей (+62 искл.)
Песчаный Убийца,Райский остров,,,11079,5.949,24.913,"скан VK-стены (садок, скриншот пользователя)",26.07.2026,"6-я+ калибровочная точка [НЕНАДЁЖНО для калибровки формулы - цена из списка садка может включать переменные VIP/Трофей бонусы, не разделённые по столбцам]"
Песчаный Убийца,Райский остров,,,2560,5.949,24.913,"скан VK-стены (садок, скриншот пользователя)",26.07.2026," [НЕНАДЁЖНО для калибровки формулы - цена из списка садка может включать переменные VIP/Трофей бонусы, не разделённые по столбцам]"
Песчаный Убийца,Райский остров,,,6998,5.949,24.913,"скан VK-стены (садок, скриншот пользователя)",26.07.2026," [НЕНАДЁЖНО для калибровки формулы - цена из списка садка может включать переменные VIP/Трофей бонусы, не разделённые по столбцам]"
Песчаный Убийца,Райский остров,,,5240,5.949,24.913,"скан VK-стены (садок, скриншот пользователя)",26.07.2026," [НЕНАДЁЖНО для калибровки формулы - цена из списка садка может включать переменные VIP/Трофей бонусы, не разделённые по столбцам]"
Песчаный Убийца,Райский остров,,,3196,5.949,24.913,"скан VK-стены (садок, скриншот пользователя)",26.07.2026," [НЕНАДЁЖНО для калибровки формулы - цена из списка садка может включать переменные VIP/Трофей бонусы, не разделённые по столбцам]"
Песчаный Убийца,Райский остров,,,4660,5.949,24.913,"скан VK-стены (садок, скриншот пользователя)",26.07.2026," [НЕНАДЁЖНО для калибровки формулы - цена из списка садка может включать переменные VIP/Трофей бонусы, не разделённые по столбцам]"
Ленок,Холодное озеро,опарыш,10.0,,3.64,7.07,личные скриншоты (owner__2_.zip),27.07.2026,"крючок 4.х; сырые цены OCR (возможна лишняя цифра спереди у части значений): [114, 118, 123, 128, 150, 152, 156, 157, 164, 262]"
Белоглазка,Холодное озеро,опарыш,10.0,,0.911,1.488,личные скриншоты (owner__2_.zip),27.07.2026,крючок 4.х; сырые цены OCR (возможна лишняя цифра спереди у части значений): [268]
Елец,Холодное озеро,опарыш,10.0,,3.445,3.445,личные скриншоты (owner__2_.zip),27.07.2026,крючок 4.х; сырые цены OCR (возможна лишняя цифра спереди у части значений): [2]
Лещ,Холодное озеро,опарыш,10.0,,2.865,6.167,личные скриншоты (owner__2_.zip),27.07.2026,крючок 4.х; сырые цены OCR (возможна лишняя цифра спереди у части значений): [299]
Ленок,Озеро Дайл,опарыш,,,3.704,6.949,личные скриншоты (owner__2_.zip),27.07.2026,"крючок 4.х; сырые цены OCR (возможна лишняя цифра спереди у части значений): [115, 122, 129, 132, 2128, 2138]"
Окунь Речной,Озеро Дайл,опарыш,,,0.803,3.2,личные скриншоты (owner__2_.zip),27.07.2026,"крючок 4.х; сырые цены OCR (возможна лишняя цифра спереди у части значений): [121, 123, 126, 2121]"
Налим,Озеро Дайл,опарыш,,,8.082,18.089,личные скриншоты (owner__2_.zip),27.07.2026,крючок 4.х; сырые цены OCR (возможна лишняя цифра спереди у части значений): [262]
Жерех,Озеро Дайл,опарыш,,,1.181,10.198,личные скриншоты (owner__2_.zip),27.07.2026,крючок 4.х; сырые цены OCR (возможна лишняя цифра спереди у части значений): [141]
Щука Травянка,Река Таби,,,,0.877,3.14,личные скриншоты (owner__2_.zip),27.07.2026,"крючок ?; сырые цены OCR (возможна лишняя цифра спереди у части значений): [200, 228, 249, 250]"
Нерка,Река Таби,,,,3.121,5.117,личные скриншоты (owner__2_.zip),27.07.2026,"крючок ?; сырые цены OCR (возможна лишняя цифра спереди у части значений): [100, 105, 109, 112, 2111, 2117]"
Щука Амурская,Река Таби,,,,18.425,18.425,личные скриншоты (owner__2_.zip),27.07.2026,крючок ?; сырые цены OCR (возможна лишняя цифра спереди у части значений): [262]
Сом Амурский,Река Таби,,,,3.53,8.629,личные скриншоты (owner__2_.zip),27.07.2026,"крючок ?; сырые цены OCR (возможна лишняя цифра спереди у части значений): [132, 162, 163, 2138, 2170]"
Судак,Река Таби,,,,3.297,20.721,личные скриншоты (owner__2_.zip),27.07.2026,крючок ?; сырые цены OCR (возможна лишняя цифра спереди у части значений): [164]
Лещ,Река Таби,,,,2.865,6.167,личные скриншоты (owner__2_.zip),27.07.2026,крючок ?; сырые цены OCR (возможна лишняя цифра спереди у части значений): [118]
Угорь,Река Таби,,,,1.527,8.202,личные скриншоты (owner__2_.zip),27.07.2026,"крючок ?; сырые цены OCR (возможна лишняя цифра спереди у части значений): [254, 256, 258, 262]"
Белорыбица,Река Таби,,,,11.107,11.107,личные скриншоты (owner__2_.zip),27.07.2026,крючок ?; сырые цены OCR (возможна лишняя цифра спереди у части значений): [192]
Китайский Окунь,Река Таби,,,,3.656,7.338,личные скриншоты (owner__2_.zip),27.07.2026,"крючок ?; сырые цены OCR (возможна лишняя цифра спереди у части значений): [100, 2111]"
Жерех,Река Таби,,,,1.181,11.842,личные скриншоты (owner__2_.zip),27.07.2026,крючок ?; сырые цены OCR (возможна лишняя цифра спереди у части значений): [228]
Сазан,Озеро Вабакими,,,,9.419,18.569,личные скриншоты (owner__2_.zip),27.07.2026,"крючок ?; сырые цены OCR (возможна лишняя цифра спереди у части значений): [169, 170, 175, 206, 2171, 2174, 2175]"
Щука Травянка,Белые скалы,пиявка,3.0,,0.877,3.143,личные скриншоты (owner__2_.zip),27.07.2026,"крючок 4.х; сырые цены OCR (возможна лишняя цифра спереди у части значений): [249, 250]"
Нерка,Белые скалы,пиявка,3.0,,3.121,5.204,личные скриншоты (owner__2_.zip),27.07.2026,"крючок 4.х; сырые цены OCR (возможна лишняя цифра спереди у части значений): [105, 106, 108, 109, 112, 115, 2111, 2112, 2114, 2177]"
Зеркальный Карп,Озеро Тахо,опарыш,3.0,,1.79,32.769,личные скриншоты (owner__2_.zip),27.07.2026,"крючок 4.х; сырые цены OCR (возможна лишняя цифра спереди у части значений): [109, 117, 120, 124, 127, 128, 129, 130, 133, 134]"
Ленок,Озеро Тахо,опарыш,3.0,,1.617,6.949,личные скриншоты (owner__2_.zip),27.07.2026,"крючок 4.х; сырые цены OCR (возможна лишняя цифра спереди у части значений): [75, 147, 152, 162, 163, 275, 2117, 2138, 2147]"
Белоглазка,Озеро Тахо,опарыш,3.0,,0.884,1.488,личные скриншоты (owner__2_.zip),27.07.2026,"крючок 4.х; сырые цены OCR (возможна лишняя цифра спереди у части значений): [76, 80, 267, 281]"
Нерка,Белые скалы,Пиявка,,108,3.121,5.117,личный скриншот (прямое вложение в чат),27.07.2026,"чистая база, без VIP/Трофей"
Акула Гоблин,,,,25614,194.931,199.672,OCR личных скриншотов (MFW-OCR v4.1),29.07.2026,3 набл.; распознавание скриншотов
Акула Гоблин,,Живец (большой),,17076,194.931,199.672,OCR личных скриншотов (MFW-OCR v4.1),29.07.2026,3 набл.; распознавание скриншотов
Акула Гоблин,,Живец (средний),,8689,194.931,199.672,OCR личных скриншотов (MFW-OCR v4.1),29.07.2026,3 набл.; распознавание скриншотов
Амазонский Ламантин,,Горох,,598,61.694,199.978,OCR личных скриншотов (MFW-OCR v4.1),29.07.2026,3 набл.; распознавание скриншотов
Амазонский Ламантин,,Кукуруза,,315-428,61.694,199.978,OCR личных скриншотов (MFW-OCR v4.1),29.07.2026,6 набл.; распознавание скриншотов
Американская Палия,,Медведка,,284-288,8.023,8.2,OCR личных скриншотов (MFW-OCR v4.1),29.07.2026,5 набл.; распознавание скриншотов
Американская Палия,,Червь,,286-288,8.023,8.2,OCR личных скриншотов (MFW-OCR v4.1),29.07.2026,6 набл.; распознавание скриншотов
Американский сомик,,,,170,2.676,2.759,OCR личных скриншотов (MFW-OCR v4.1),29.07.2026,1 набл.; распознавание скриншотов
Американский сомик,,Медведка,,170,2.676,2.759,OCR личных скриншотов (MFW-OCR v4.1),29.07.2026,2 набл.; распознавание скриншотов
Американский сомик,,Пиявка,,168,2.676,2.759,OCR личных скриншотов (MFW-OCR v4.1),29.07.2026,3 набл.; распознавание скриншотов
Амур Белый,,Кусок рыбы,,327,42.507,42.507,OCR личных скриншотов (MFW-OCR v4.1),29.07.2026,3 набл.; распознавание скриншотов
Амур Чёрный,,,,121-32590,5.847,32.318,OCR личных скриншотов (MFW-OCR v4.1),29.07.2026,9 набл.; распознавание скриншотов
Амур Чёрный,,Кусок рыбы,,302-618,5.847,32.318,OCR личных скриншотов (MFW-OCR v4.1),29.07.2026,6 набл.; распознавание скриншотов
Амур Чёрный,,Кусок рыбы 0,,295,5.847,32.318,OCR личных скриншотов (MFW-OCR v4.1),29.07.2026,2 набл.; распознавание скриншотов
Амур Чёрный,,Кусок рыбы ©),,295,5.847,32.318,OCR личных скриншотов (MFW-OCR v4.1),29.07.2026,1 набл.; распознавание скриншотов
Анаконда,,,,667-87285,114.453,199.951,OCR личных скриншотов (MFW-OCR v4.1),29.07.2026,18 набл.; распознавание скриншотов
Анаконда,,Artificial hard crank,,17082,114.453,199.951,OCR личных скриншотов (MFW-OCR v4.1),29.07.2026,3 набл.; распознавание скриншотов
Анаконда,,Живец (большой,,8395-8468,114.453,199.951,OCR личных скриншотов (MFW-OCR v4.1),29.07.2026,2 набл.; распознавание скриншотов
Анаконда,,Живец (большой),,8395-8468,114.453,199.951,OCR личных скриншотов (MFW-OCR v4.1),29.07.2026,4 набл.; распознавание скриншотов
Анаконда,,Личинка ручейника,,5725,114.453,199.951,OCR личных скриншотов (MFW-OCR v4.1),29.07.2026,3 набл.; распознавание скриншотов
Анаконда,,Мотыль,,6549,114.453,199.951,OCR личных скриншотов (MFW-OCR v4.1),29.07.2026,3 набл.; распознавание скриншотов
Анаконда,,Червь,,6418-8515,114.453,199.951,OCR личных скриншотов (MFW-OCR v4.1),29.07.2026,24 набл.; распознавание скриншотов
Аравана Серебристая,,Artificial hard crank,,117,6.421,6.473,OCR личных скриншотов (MFW-OCR v4.1),29.07.2026,3 набл.; распознавание скриншотов
Аравана Серебристая,,Живец (маленький),,118,6.421,6.473,OCR личных скриншотов (MFW-OCR v4.1),29.07.2026,2 набл.; распознавание скриншотов
Арапайма,,Predator PRO,,585,192.849,192.849,OCR личных скриншотов (MFW-OCR v4.1),29.07.2026,3 набл.; распознавание скриншотов
Белоглазка,,Опарш = _,,82,0.911,1.488,OCR личных скриншотов (MFW-OCR v4.1),29.07.2026,1 набл.; распознавание скриншотов
Белоглазка,,Опарыш,,67-82,0.911,1.488,OCR личных скриншотов (MFW-OCR v4.1),29.07.2026,4 набл.; распознавание скриншотов
Белуга,,$паке пеаа = —,,470,66.433,148.707,OCR личных скриншотов (MFW-OCR v4.1),29.07.2026,1 набл.; распознавание скриншотов
Белуга,,Snake head,,40-470,66.433,148.707,OCR личных скриншотов (MFW-OCR v4.1),29.07.2026,5 набл.; распознавание скриншотов
Белый Карп,,Сыр,,368,37.573,37.573,OCR личных скриншотов (MFW-OCR v4.1),29.07.2026,3 набл.; распознавание скриншотов
Белый Краппи,,,,218,1.611,1.611,OCR личных скриншотов (MFW-OCR v4.1),29.07.2026,3 набл.; распознавание скриншотов
Берш,,,,84-285,0.986,3.085,OCR личных скриншотов (MFW-OCR v4.1),29.07.2026,16 набл.; распознавание скриншотов
Берш,,Lite fish,,87-88,0.986,3.085,OCR личных скриншотов (MFW-OCR v4.1),29.07.2026,5 набл.; распознавание скриншотов
Берш,,Икра  —,,88,0.986,3.085,OCR личных скриншотов (MFW-OCR v4.1),29.07.2026,1 набл.; распознавание скриншотов
Берш,,Ира,,88,0.986,3.085,OCR личных скриншотов (MFW-OCR v4.1),29.07.2026,1 набл.; распознавание скриншотов
Берш,,Кузнечик,,88,0.986,3.085,OCR личных скриншотов (MFW-OCR v4.1),29.07.2026,2 набл.; распознавание скриншотов
Виена,,,,25-17640,10.202,197.566,OCR личных скриншотов (MFW-OCR v4.1),29.07.2026,5 набл.; распознавание скриншотов
Виена,,Big hunter,,7070-7831,10.202,197.566,OCR личных скриншотов (MFW-OCR v4.1),29.07.2026,9 набл.; распознавание скриншотов
Виена,,Master fish,,5830-17640,10.202,197.566,OCR личных скриншотов (MFW-OCR v4.1),29.07.2026,9 набл.; распознавание скриншотов
Виена,,Predator PRO,,5512-7717,10.202,197.566,OCR личных скриншотов (MFW-OCR v4.1),29.07.2026,6 набл.; распознавание скриншотов
Виена,,Razorback,,6254,10.202,197.566,OCR личных скриншотов (MFW-OCR v4.1),29.07.2026,1 набл.; распознавание скриншотов
Виена,,Snake head,,8895-17740,10.202,197.566,OCR личных скриншотов (MFW-OCR v4.1),29.07.2026,6 набл.; распознавание скриншотов
Виена,,Z200,,9048,10.202,197.566,OCR личных скриншотов (MFW-OCR v4.1),29.07.2026,3 набл.; распознавание скриншотов
Вырезуб,,Креветка,,82-106,4.534,6.871,OCR личных скриншотов (MFW-OCR v4.1),29.07.2026,6 набл.; распознавание скриншотов
Газилиус,,,,496-2682,74.664,161.301,OCR личных скриншотов (MFW-OCR v4.1),29.07.2026,6 набл.; распознавание скриншотов
Газилиус,,Master fish,,526,74.664,161.301,OCR личных скриншотов (MFW-OCR v4.1),29.07.2026,3 набл.; распознавание скриншотов
Газилиус,,Snake head,,710-800,74.664,161.301,OCR личных скриншотов (MFW-OCR v4.1),29.07.2026,9 набл.; распознавание скриншотов
Глазорвач,,,,642-21800,1.418,21.509,OCR личных скриншотов (MFW-OCR v4.1),29.07.2026,51 набл.; распознавание скриншотов
Глазорвач,,; Кукуруза,,4058,1.418,21.509,OCR личных скриншотов (MFW-OCR v4.1),29.07.2026,1 набл.; распознавание скриншотов
Глазорвач,,Горох,,2-2065,1.418,21.509,OCR личных скриншотов (MFW-OCR v4.1),29.07.2026,6 набл.; распознавание скриншотов
Глазорвач,,Икра,,664-5012,1.418,21.509,OCR личных скриншотов (MFW-OCR v4.1),29.07.2026,23 набл.; распознавание скриншотов
Глазорвач,,Кукуруза,,4058,1.418,21.509,OCR личных скриншотов (MFW-OCR v4.1),29.07.2026,2 набл.; распознавание скриншотов
Глазорвач,,Муха,,2109-2510,1.418,21.509,OCR личных скриншотов (MFW-OCR v4.1),29.07.2026,18 набл.; распознавание скриншотов
Глазорвач,,Пиявка,,2472,1.418,21.509,OCR личных скриншотов (MFW-OCR v4.1),29.07.2026,3 набл.; распознавание скриншотов
Голавль,,Сыр,,116,8.116,8.116,OCR личных скриншотов (MFW-OCR v4.1),29.07.2026,3 набл.; распознавание скриншотов
Европейская Ряпушка,,Мотыль,,84,0.31,0.31,OCR личных скриншотов (MFW-OCR v4.1),29.07.2026,1 набл.; распознавание скриншотов
Желтощёк,,Живец (большой),,392,52.226,52.226,OCR личных скриншотов (MFW-OCR v4.1),29.07.2026,3 набл.; распознавание скриншотов
Жерех,,,,1-45299,1.181,10.198,OCR личных скриншотов (MFW-OCR v4.1),29.07.2026,19 набл.; распознавание скриншотов
Жерех,,Liltle hunter $ 0,,141,1.181,10.198,OCR личных скриншотов (MFW-OCR v4.1),29.07.2026,1 набл.; распознавание скриншотов
Жерех,,Lite fish,,99,1.181,10.198,OCR личных скриншотов (MFW-OCR v4.1),29.07.2026,2 набл.; распознавание скриншотов
Жерех,,Little hunter $,,141,1.181,10.198,OCR личных скриншотов (MFW-OCR v4.1),29.07.2026,1 набл.; распознавание скриншотов
Жерех,,Little hunter $ 0,,141,1.181,10.198,OCR личных скриншотов (MFW-OCR v4.1),29.07.2026,1 набл.; распознавание скриншотов
Жерех,,Кузнечик,,106,1.181,10.198,OCR личных скриншотов (MFW-OCR v4.1),29.07.2026,1 набл.; распознавание скриншотов
Жерех,,Кузнечик  —,,106,1.181,10.198,OCR личных скриншотов (MFW-OCR v4.1),29.07.2026,1 набл.; распознавание скриншотов
Живоглот,,,,5450-7764,127.91,199.987,OCR личных скриншотов (MFW-OCR v4.1),29.07.2026,9 набл.; распознавание скриншотов
Живоглот,,Big hunter,,7764,127.91,199.987,OCR личных скриншотов (MFW-OCR v4.1),29.07.2026,3 набл.; распознавание скриншотов
Живоглот,,Живец (большой,,7981,127.91,199.987,OCR личных скриншотов (MFW-OCR v4.1),29.07.2026,1 набл.; распознавание скриншотов
Живоглот,,Живец (большой),,1190-14190,127.91,199.987,OCR личных скриншотов (MFW-OCR v4.1),29.07.2026,5 набл.; распознавание скриншотов
Живоглот,,Майский жук,,8098,127.91,199.987,OCR личных скриншотов (MFW-OCR v4.1),29.07.2026,3 набл.; распознавание скриншотов
Живоглот,,Сыр,,7850,127.91,199.987,OCR личных скриншотов (MFW-OCR v4.1),29.07.2026,3 набл.; распознавание скриншотов
Жнец,,,,3909-28181,59.329,199.981,OCR личных скриншотов (MFW-OCR v4.1),29.07.2026,15 набл.; распознавание скриншотов
Жнец,,Живец (маленький),,8167,59.329,199.981,OCR личных скриншотов (MFW-OCR v4.1),29.07.2026,3 набл.; распознавание скриншотов
Жнец,,Пиявка,,8557-17294,59.329,199.981,OCR личных скриншотов (MFW-OCR v4.1),29.07.2026,9 набл.; распознавание скриншотов
Жнец,,Сыр,,4978-8385,59.329,199.981,OCR личных скриншотов (MFW-OCR v4.1),29.07.2026,5 набл.; распознавание скриншотов
Зеркальный Карп,,,,178,17.307,32.769,OCR личных скриншотов (MFW-OCR v4.1),29.07.2026,3 набл.; распознавание скриншотов
Зеркальный Карп,,Сыр,,248,17.307,32.769,OCR личных скриншотов (MFW-OCR v4.1),29.07.2026,3 набл.; распознавание скриншотов
Змееголов,,Живец (маленький),,187-188,12.925,13.004,OCR личных скриншотов (MFW-OCR v4.1),29.07.2026,6 набл.; распознавание скриншотов
Зой,,,,4767-13160,56.845,129.706,OCR личных скриншотов (MFW-OCR v4.1),29.07.2026,6 набл.; распознавание скриншотов
Зой,,7200,,4699,56.845,129.706,OCR личных скриншотов (MFW-OCR v4.1),29.07.2026,1 набл.; распознавание скриншотов
Зой,,Big hunter,,6537,56.845,129.706,OCR личных скриншотов (MFW-OCR v4.1),29.07.2026,3 набл.; распознавание скриншотов
Зой,,Predator PRO,,8265,56.845,129.706,OCR личных скриншотов (MFW-OCR v4.1),29.07.2026,3 набл.; распознавание скриншотов
Зой,,Shake crank,,7821,56.845,129.706,OCR личных скриншотов (MFW-OCR v4.1),29.07.2026,1 набл.; распознавание скриншотов
Зой,,Snake head,,6042-15462,56.845,129.706,OCR личных скриншотов (MFW-OCR v4.1),29.07.2026,6 набл.; распознавание скриншотов
Зой,,WM156,,5088,56.845,129.706,OCR личных скриншотов (MFW-OCR v4.1),29.07.2026,2 набл.; распознавание скриншотов
Зой,,WM15б,,5088,56.845,129.706,OCR личных скриншотов (MFW-OCR v4.1),29.07.2026,1 набл.; распознавание скриншотов
Зой,,Z200,,4699,56.845,129.706,OCR личных скриншотов (MFW-OCR v4.1),29.07.2026,2 набл.; распознавание скриншотов
Золотистый Дорадо,,Кальмар,,369-3609,36.913,36.913,OCR личных скриншотов (MFW-OCR v4.1),29.07.2026,3 набл.; распознавание скриншотов
Золотистый Линь,,Горох,,130,8.027,8.027,OCR личных скриншотов (MFW-OCR v4.1),29.07.2026,3 набл.; распознавание скриншотов
Каменный Окунь,,,,121-2121,3.169,3.238,OCR личных скриншотов (MFW-OCR v4.1),29.07.2026,3 набл.; распознавание скриншотов
Каменный Окунь,,Креветка,,82,3.169,3.238,OCR личных скриншотов (MFW-OCR v4.1),29.07.2026,3 набл.; распознавание скриншотов
Каменный призрак,,,,614-32007,30.266,66.895,OCR личных скриншотов (MFW-OCR v4.1),29.07.2026,42 набл.; распознавание скриншотов
Каменный призрак,,Alpha diver,,1549,30.266,66.895,OCR личных скриншотов (MFW-OCR v4.1),29.07.2026,3 набл.; распознавание скриншотов
Каменный призрак,,Choppo,,2611,30.266,66.895,OCR личных скриншотов (MFW-OCR v4.1),29.07.2026,3 набл.; распознавание скриншотов
Каменный призрак,,Живец (маленький),,1464-2152,30.266,66.895,OCR личных скриншотов (MFW-OCR v4.1),29.07.2026,15 набл.; распознавание скриншотов
Каменный призрак,,Кузнечик,,2604-2619,30.266,66.895,OCR личных скриншотов (MFW-OCR v4.1),29.07.2026,6 набл.; распознавание скриншотов
Каменный призрак,,Кукуруза,,2490,30.266,66.895,OCR личных скриншотов (MFW-OCR v4.1),29.07.2026,3 набл.; распознавание скриншотов
Каменный призрак,,Личинка майского жука,,2634,30.266,66.895,OCR личных скриншотов (MFW-OCR v4.1),29.07.2026,3 набл.; распознавание скриншотов
Каменный призрак,,Сверчок,,4454,30.266,66.895,OCR личных скриншотов (MFW-OCR v4.1),29.07.2026,3 набл.; распознавание скриншотов
Каменный призрак,,Сыр,,2626,30.266,66.895,OCR личных скриншотов (MFW-OCR v4.1),29.07.2026,3 набл.; распознавание скриншотов
Карась Обыкновенный,,,,64,2.009,2.459,OCR личных скриншотов (MFW-OCR v4.1),29.07.2026,2 набл.; распознавание скриншотов
Карась Обыкновенный,,Fopox  —,,48,2.009,2.459,OCR личных скриншотов (MFW-OCR v4.1),29.07.2026,1 набл.; распознавание скриншотов
Карась Обыкновенный,,Горох,,48,2.009,2.459,OCR личных скриншотов (MFW-OCR v4.1),29.07.2026,2 набл.; распознавание скриншотов
Карин,,,,118-1118,20.697,111.15,OCR личных скриншотов (MFW-OCR v4.1),29.07.2026,9 набл.; распознавание скриншотов
Карин,,Big hunter,,708-728,20.697,111.15,OCR личных скриншотов (MFW-OCR v4.1),29.07.2026,12 набл.; распознавание скриншотов
Карин,,Magallon,,429,20.697,111.15,OCR личных скриншотов (MFW-OCR v4.1),29.07.2026,3 набл.; распознавание скриншотов
Карин,,Master fish,,420,20.697,111.15,OCR личных скриншотов (MFW-OCR v4.1),29.07.2026,3 набл.; распознавание скриншотов
Карин,,Predator PRO,,1430-1432,20.697,111.15,OCR личных скриншотов (MFW-OCR v4.1),29.07.2026,6 набл.; распознавание скриншотов
Карин,,WM156,,441,20.697,111.15,OCR личных скриншотов (MFW-OCR v4.1),29.07.2026,3 набл.; распознавание скриншотов
Кинста,,,,282-2504,3.712,43.481,OCR личных скриншотов (MFW-OCR v4.1),29.07.2026,9 набл.; распознавание скриншотов
Кинста,,Big hunter,,648-658,3.712,43.481,OCR личных скриншотов (MFW-OCR v4.1),29.07.2026,11 набл.; распознавание скриншотов
Кинста,,Master fish,,652,3.712,43.481,OCR личных скриншотов (MFW-OCR v4.1),29.07.2026,3 набл.; распознавание скриншотов
Кинста,,Platypus 190,,648,3.712,43.481,OCR личных скриншотов (MFW-OCR v4.1),29.07.2026,3 набл.; распознавание скриншотов
Кинста,,WM156,,594,3.712,43.481,OCR личных скриншотов (MFW-OCR v4.1),29.07.2026,2 набл.; распознавание скриншотов
Кинста,,WM15б,,594,3.712,43.481,OCR личных скриншотов (MFW-OCR v4.1),29.07.2026,1 набл.; распознавание скриншотов
Китайский Окунь,,Пиявка,,90-120,3.656,7.338,OCR личных скриншотов (MFW-OCR v4.1),29.07.2026,11 набл.; распознавание скриншотов
Кошмар,,,,8175-28371,174.913,196.805,OCR личных скриншотов (MFW-OCR v4.1),29.07.2026,9 набл.; распознавание скриншотов
Кошмар,,Predator PRO,,8371,174.913,196.805,OCR личных скриншотов (MFW-OCR v4.1),29.07.2026,3 набл.; распознавание скриншотов
Кошмар,,Живец (большой),,8456,174.913,196.805,OCR личных скриншотов (MFW-OCR v4.1),29.07.2026,3 набл.; распознавание скриншотов
Кошмар,,Майский жук,,17286,174.913,196.805,OCR личных скриншотов (MFW-OCR v4.1),29.07.2026,3 набл.; распознавание скриншотов
Кошмар,,Сыр,,8371-8587,174.913,196.805,OCR личных скриншотов (MFW-OCR v4.1),29.07.2026,6 набл.; распознавание скриншотов
Краснобрюхая Пиранья,,Креветка,,108,3.9,3.9,OCR личных скриншотов (MFW-OCR v4.1),29.07.2026,2 набл.; распознавание скриншотов
Краснобрюхая Пиранья,,Креветка 0,,108,3.9,3.9,OCR личных скриншотов (MFW-OCR v4.1),29.07.2026,1 набл.; распознавание скриншотов
Краснопёрка,,Горох,,63-69,1.566,1.821,OCR личных скриншотов (MFW-OCR v4.1),29.07.2026,5 набл.; распознавание скриншотов
Краснопёрка,,Грх  —,,69,1.566,1.821,OCR личных скриншотов (MFW-OCR v4.1),29.07.2026,1 набл.; распознавание скриншотов
Красный Луциан,,Рак,,294,14.745,14.745,OCR личных скриншотов (MFW-OCR v4.1),29.07.2026,3 набл.; распознавание скриншотов
Крокодил Альбинос,,,,398-2398,51.844,194.429,OCR личных скриншотов (MFW-OCR v4.1),29.07.2026,18 набл.; распознавание скриншотов
Крокодил Альбинос,,Лягушка,,427-706,51.844,194.429,OCR личных скриншотов (MFW-OCR v4.1),29.07.2026,9 набл.; распознавание скриншотов
Крокодил Нильский,,Лягушка,,326-450,53.443,114.488,OCR личных скриншотов (MFW-OCR v4.1),29.07.2026,6 набл.; распознавание скриншотов
Ледяной Охотник,,,,4202-625655,102.061,197.565,OCR личных скриншотов (MFW-OCR v4.1),29.07.2026,30 набл.; распознавание скриншотов
Ледяной Охотник,,Живец (большой),,16398,102.061,197.565,OCR личных скриншотов (MFW-OCR v4.1),29.07.2026,3 набл.; распознавание скриншотов
Ледяной Охотник,,Живец (средний),,5991-16590,102.061,197.565,OCR личных скриншотов (MFW-OCR v4.1),29.07.2026,20 набл.; распознавание скриншотов
Ледяной Охотник,,Живец (средний) ’,,1455,102.061,197.565,OCR личных скриншотов (MFW-OCR v4.1),29.07.2026,1 набл.; распознавание скриншотов
Ледяной Охотник,,Кусок рыбы,,8167,102.061,197.565,OCR личных скриншотов (MFW-OCR v4.1),29.07.2026,3 набл.; распознавание скриншотов
Ледяной Охотник,,Лягушка @,,6289,102.061,197.565,OCR личных скриншотов (MFW-OCR v4.1),29.07.2026,2 набл.; распознавание скриншотов
Ледяной Охотник,,Лягушка ©),,6289,102.061,197.565,OCR личных скриншотов (MFW-OCR v4.1),29.07.2026,1 набл.; распознавание скриншотов
Ледяной Охотник,,Пиявка,,8182,102.061,197.565,OCR личных скриншотов (MFW-OCR v4.1),29.07.2026,3 набл.; распознавание скриншотов
Ледяной Охотник,,Рак,,16364,102.061,197.565,OCR личных скриншотов (MFW-OCR v4.1),29.07.2026,3 набл.; распознавание скриншотов
Лезвие,,,,1158-325796,4.021,14.973,OCR личных скриншотов (MFW-OCR v4.1),29.07.2026,117 набл.; распознавание скриншотов
Лезвие,,Shake crank,,3367,4.021,14.973,OCR личных скриншотов (MFW-OCR v4.1),29.07.2026,3 набл.; распознавание скриншотов
Лезвие,,Живец (маленький),,3428,4.021,14.973,OCR личных скриншотов (MFW-OCR v4.1),29.07.2026,2 набл.; распознавание скриншотов
Лезвие,,Крабовое мясо,,6830,4.021,14.973,OCR личных скриншотов (MFW-OCR v4.1),29.07.2026,3 набл.; распознавание скриншотов
Лезвие,,Креветка,,3103-6940,4.021,14.973,OCR личных скриншотов (MFW-OCR v4.1),29.07.2026,19 набл.; распознавание скриншотов
Лезвие,,Креветка 0,,3103,4.021,14.973,OCR личных скриншотов (MFW-OCR v4.1),29.07.2026,2 набл.; распознавание скриншотов
Лезвие,,Кукуруза,,1216-1410,4.021,14.973,OCR личных скриншотов (MFW-OCR v4.1),29.07.2026,4 набл.; распознавание скриншотов
Ленок,,Magallon,,175,6.885,6.949,OCR личных скриншотов (MFW-OCR v4.1),29.07.2026,3 набл.; распознавание скриншотов
Ленок,,Опарыш,,176,6.885,6.949,OCR личных скриншотов (MFW-OCR v4.1),29.07.2026,3 набл.; распознавание скриншотов
Лещ,,Кукуруза,,122,2.865,6.167,OCR личных скриншотов (MFW-OCR v4.1),29.07.2026,3 набл.; распознавание скриншотов
Лещ,,Мотыль,,115,2.865,6.167,OCR личных скриншотов (MFW-OCR v4.1),29.07.2026,2 набл.; распознавание скриншотов
Лещ,,Пиявка,,75-115,2.865,6.167,OCR личных скриншотов (MFW-OCR v4.1),29.07.2026,18 набл.; распознавание скриншотов
Лещ,,Пиявка 9,,99,2.865,6.167,OCR личных скриншотов (MFW-OCR v4.1),29.07.2026,1 набл.; распознавание скриншотов
Лещ,,Тесто,,124,2.865,6.167,OCR личных скриншотов (MFW-OCR v4.1),29.07.2026,2 набл.; распознавание скриншотов
Линь,,Кукуруза,,116,7.602,7.789,OCR личных скриншотов (MFW-OCR v4.1),29.07.2026,2 набл.; распознавание скриншотов
Линь,,Кукуруза = —,,116,7.602,7.789,OCR личных скриншотов (MFW-OCR v4.1),29.07.2026,1 набл.; распознавание скриншотов
Линь,,Червь,,118,7.602,7.789,OCR личных скриншотов (MFW-OCR v4.1),29.07.2026,3 набл.; распознавание скриншотов
Луфарь,,,,130-2130,12.963,13.368,OCR личных скриншотов (MFW-OCR v4.1),29.07.2026,6 набл.; распознавание скриншотов
Маринка,,S-DR,,139,5.045,5.045,OCR личных скриншотов (MFW-OCR v4.1),29.07.2026,3 набл.; распознавание скриншотов
Мегалодон,,,,13276,146.048,199.392,OCR личных скриншотов (MFW-OCR v4.1),29.07.2026,3 набл.; распознавание скриншотов
Мегалодон,,Живец (большой,,8834,146.048,199.392,OCR личных скриншотов (MFW-OCR v4.1),29.07.2026,1 набл.; распознавание скриншотов
Мегалодон,,Живец (большой),,8834,146.048,199.392,OCR личных скриншотов (MFW-OCR v4.1),29.07.2026,2 набл.; распознавание скриншотов
Мегалодон,,Кальмар,,6196,146.048,199.392,OCR личных скриншотов (MFW-OCR v4.1),29.07.2026,3 набл.; распознавание скриншотов
Мегалодон,,Креветка,,6568-17514,146.048,199.392,OCR личных скриншотов (MFW-OCR v4.1),29.07.2026,11 набл.; распознавание скриншотов
Менёк,,Рак,,382,30.902,30.902,OCR личных скриншотов (MFW-OCR v4.1),29.07.2026,3 набл.; распознавание скриншотов
Микижа,,,,66-3609,2.827,3.255,OCR личных скриншотов (MFW-OCR v4.1),29.07.2026,12 набл.; распознавание скриншотов
Микижа,,Lite fish,,66,2.827,3.255,OCR личных скриншотов (MFW-OCR v4.1),29.07.2026,3 набл.; распознавание скриншотов
Микижа,,Мотыль,,69,2.827,3.255,OCR личных скриншотов (MFW-OCR v4.1),29.07.2026,3 набл.; распознавание скриншотов
Муксун,,,,55,2.617,8.299,OCR личных скриншотов (MFW-OCR v4.1),29.07.2026,3 набл.; распознавание скриншотов
Муксун,,Lite fish,,55,2.617,8.299,OCR личных скриншотов (MFW-OCR v4.1),29.07.2026,6 набл.; распознавание скриншотов
Муксун,,Мотыль,,84-94,2.617,8.299,OCR личных скриншотов (MFW-OCR v4.1),29.07.2026,4 набл.; распознавание скриншотов
Муксун,,Мотыль 0,,94,2.617,8.299,OCR личных скриншотов (MFW-OCR v4.1),29.07.2026,2 набл.; распознавание скриншотов
Налим,,,,313-2313,13.406,18.089,OCR личных скриншотов (MFW-OCR v4.1),29.07.2026,3 набл.; распознавание скриншотов
Налим,,Choppo,,352-714,13.406,18.089,OCR личных скриншотов (MFW-OCR v4.1),29.07.2026,24 набл.; распознавание скриншотов
Налим,,WM156,,357,13.406,18.089,OCR личных скриншотов (MFW-OCR v4.1),29.07.2026,2 набл.; распознавание скриншотов
Налим,,Живец (маленький),,356,13.406,18.089,OCR личных скриншотов (MFW-OCR v4.1),29.07.2026,3 набл.; распознавание скриншотов
Нельма,,Живец (большой),,414-418,51.133,51.993,OCR личных скриншотов (MFW-OCR v4.1),29.07.2026,6 набл.; распознавание скриншотов
Нерка,,,,99-2114,3.121,5.117,OCR личных скриншотов (MFW-OCR v4.1),29.07.2026,9 набл.; распознавание скриншотов
Нерка,,Пиявка,,111-117,3.121,5.117,OCR личных скриншотов (MFW-OCR v4.1),29.07.2026,6 набл.; распознавание скриншотов
Нильский Окунь,,Predator PRO,,404,114.247,114.247,OCR личных скриншотов (MFW-OCR v4.1),29.07.2026,3 набл.; распознавание скриншотов
Нильский Слоник,,Личинка ручейника,,136,0.189,0.36,OCR личных скриншотов (MFW-OCR v4.1),29.07.2026,3 набл.; распознавание скриншотов
Нильский Слоник,,Мотыль,,204,0.189,0.36,OCR личных скриншотов (MFW-OCR v4.1),29.07.2026,3 набл.; распознавание скриншотов
Обыкновенный Валёк,,Муха,,50,2.002,2.002,OCR личных скриншотов (MFW-OCR v4.1),29.07.2026,3 набл.; распознавание скриншотов
Обыкновенный Верхогляд,,NSOO1,,188,9.228,9.321,OCR личных скриншотов (MFW-OCR v4.1),29.07.2026,3 набл.; распознавание скриншотов
Обыкновенный Верхогляд,,Живец (маленький),,187,9.228,9.321,OCR личных скриншотов (MFW-OCR v4.1),29.07.2026,3 набл.; распознавание скриншотов
Обыкновенный Лопатонос,,Кузнечик,,14-129,3.439,4.777,OCR личных скриншотов (MFW-OCR v4.1),29.07.2026,6 набл.; распознавание скриншотов
Обыкновенный Таймень,,Живец (большой),,356-357,87.809,88.44,OCR личных скриншотов (MFW-OCR v4.1),29.07.2026,6 набл.; распознавание скриншотов
Окунь Речной,,,,40-360,0.803,3.199,OCR личных скриншотов (MFW-OCR v4.1),29.07.2026,30 набл.; распознавание скриншотов
Окунь Речной,,Baby crank,,81-82,0.803,3.199,OCR личных скриншотов (MFW-OCR v4.1),29.07.2026,11 набл.; распознавание скриншотов
Окунь Речной,,Lite fish,,60-119,0.803,3.199,OCR личных скриншотов (MFW-OCR v4.1),29.07.2026,10 набл.; распознавание скриншотов
Окунь Речной,,Живец (маленький),,81,0.803,3.199,OCR личных скриншотов (MFW-OCR v4.1),29.07.2026,2 набл.; распознавание скриншотов
Окунь Речной,,Живец (маленький) 0,,81,0.803,3.199,OCR личных скриншотов (MFW-OCR v4.1),29.07.2026,1 набл.; распознавание скриншотов
Окунь Речной,,Кузнечик,,70,0.803,3.199,OCR личных скриншотов (MFW-OCR v4.1),29.07.2026,3 набл.; распознавание скриншотов
Окунь Речной,,Личинка майского жука,,81,0.803,3.199,OCR личных скриншотов (MFW-OCR v4.1),29.07.2026,12 набл.; распознавание скриншотов
Окунь Речной,,Мотыль,,48-81,0.803,3.199,OCR личных скриншотов (MFW-OCR v4.1),29.07.2026,6 набл.; распознавание скриншотов
Окунь Речной,,Муха,,67,0.803,3.199,OCR личных скриншотов (MFW-OCR v4.1),29.07.2026,2 набл.; распознавание скриншотов
Окунь Речной,,Червь,,81-82,0.803,3.199,OCR личных скриншотов (MFW-OCR v4.1),29.07.2026,7 набл.; распознавание скриншотов
Онамадзу,,,,66-225790,84.892,199.809,OCR личных скриншотов (MFW-OCR v4.1),29.07.2026,54 набл.; распознавание скриншотов
Онамадзу,,Креветка,,8685,84.892,199.809,OCR личных скриншотов (MFW-OCR v4.1),29.07.2026,2 набл.; распознавание скриншотов
Онамадзу,,Лягушка,,8751,84.892,199.809,OCR личных скриншотов (MFW-OCR v4.1),29.07.2026,3 набл.; распознавание скриншотов
Онамадзу,,Медведка,,17484,84.892,199.809,OCR личных скриншотов (MFW-OCR v4.1),29.07.2026,2 набл.; распознавание скриншотов
Онамадзу,,Пиявка,,5107-8743,84.892,199.809,OCR личных скриншотов (MFW-OCR v4.1),29.07.2026,29 набл.; распознавание скриншотов
Пайяра,,Artificial hard crank,,212,17.865,17.865,OCR личных скриншотов (MFW-OCR v4.1),29.07.2026,3 набл.; распознавание скриншотов
Паку,,Magallon,,532,23.993,24.544,OCR личных скриншотов (MFW-OCR v4.1),29.07.2026,3 набл.; распознавание скриншотов
Паку,,Живец (средний),,271,23.993,24.544,OCR личных скриншотов (MFW-OCR v4.1),29.07.2026,3 набл.; распознавание скриншотов
Панзерус,,,,319-221057,7.839,75.636,OCR личных скриншотов (MFW-OCR v4.1),29.07.2026,18 набл.; распознавание скриншотов
Панзерус,,Big hunter,,692-703,7.839,75.636,OCR личных скриншотов (MFW-OCR v4.1),29.07.2026,15 набл.; распознавание скриншотов
Панзерус,,Master fish,,445-668,7.839,75.636,OCR личных скриншотов (MFW-OCR v4.1),29.07.2026,6 набл.; распознавание скриншотов
Панзерус,,Predator PRO,,688,7.839,75.636,OCR личных скриншотов (MFW-OCR v4.1),29.07.2026,3 набл.; распознавание скриншотов
Панзерус,,Razorback,,312,7.839,75.636,OCR личных скриншотов (MFW-OCR v4.1),29.07.2026,3 набл.; распознавание скриншотов
Панзерус,,Snake head,,693,7.839,75.636,OCR личных скриншотов (MFW-OCR v4.1),29.07.2026,3 набл.; распознавание скриншотов
Панзерус,,WM156,,476,7.839,75.636,OCR личных скриншотов (MFW-OCR v4.1),29.07.2026,2 набл.; распознавание скриншотов
Панзерус,,WM15б,,476,7.839,75.636,OCR личных скриншотов (MFW-OCR v4.1),29.07.2026,1 набл.; распознавание скриншотов
Пеламида,,Креветка,,289,11.802,11.802,OCR личных скриншотов (MFW-OCR v4.1),29.07.2026,3 набл.; распознавание скриншотов
Пелядь,,,,56-567,1.174,1.484,OCR личных скриншотов (MFW-OCR v4.1),29.07.2026,9 набл.; распознавание скриншотов
Персидский Осётр,,Живец (большой),,429-619,161.488,161.488,OCR личных скриншотов (MFW-OCR v4.1),29.07.2026,3 набл.; распознавание скриншотов
Пескарь,,Хлеб,,43,0.181,0.181,OCR личных скриншотов (MFW-OCR v4.1),29.07.2026,3 набл.; распознавание скриншотов
Песчаный Убийца,,,,1225-95848,5.949,24.913,OCR личных скриншотов (MFW-OCR v4.1),29.07.2026,33 набл.; распознавание скриншотов
Песчаный Убийца,,Вопеу Вгеат,,1342,5.949,24.913,OCR личных скриншотов (MFW-OCR v4.1),29.07.2026,3 набл.; распознавание скриншотов
Песчаный Убийца,,Креветка,,3642-5487,5.949,24.913,OCR личных скриншотов (MFW-OCR v4.1),29.07.2026,10 набл.; распознавание скриншотов
Песчаный Убийца,,Креветка 0,,3708,5.949,24.913,OCR личных скриншотов (MFW-OCR v4.1),29.07.2026,2 набл.; распознавание скриншотов
Песчаный Убийца,,Мидия,,1518-5848,5.949,24.913,OCR личных скриншотов (MFW-OCR v4.1),29.07.2026,12 набл.; распознавание скриншотов
Песчаный Убийца,,№$001,,3680,5.949,24.913,OCR личных скриншотов (MFW-OCR v4.1),29.07.2026,2 набл.; распознавание скриншотов
Песчаный Убийца,,№5001,,3680,5.949,24.913,OCR личных скриншотов (MFW-OCR v4.1),29.07.2026,1 набл.; распознавание скриншотов
Пикша,,Живец (маленький),,222,12.502,12.695,OCR личных скриншотов (MFW-OCR v4.1),29.07.2026,3 набл.; распознавание скриншотов
Пикша,,Живец (средний),,224,12.502,12.695,OCR личных скриншотов (MFW-OCR v4.1),29.07.2026,3 набл.; распознавание скриншотов
Пилорылый Скат,,Кальмар,,630,195.361,195.361,OCR личных скриншотов (MFW-OCR v4.1),29.07.2026,3 набл.; распознавание скриншотов
Плотва Обыкновенная,,Муха,,46,3.085,3.085,OCR личных скриншотов (MFW-OCR v4.1),29.07.2026,2 набл.; распознавание скриншотов
Поглотитель,,,,4018,80.193,195.407,OCR личных скриншотов (MFW-OCR v4.1),29.07.2026,3 набл.; распознавание скриншотов
Поглотитель,,Живец (большой),,8462,80.193,195.407,OCR личных скриншотов (MFW-OCR v4.1),29.07.2026,3 набл.; распознавание скриншотов
Поглотитель,,Пиявка,,6715-8210,80.193,195.407,OCR личных скриншотов (MFW-OCR v4.1),29.07.2026,9 набл.; распознавание скриншотов
Поглотитель,,Сыр,,8263-16682,80.193,195.407,OCR личных скриншотов (MFW-OCR v4.1),29.07.2026,5 набл.; распознавание скриншотов
Полосатая Зубатка,,,,409-469,12.989,19.017,OCR личных скриншотов (MFW-OCR v4.1),29.07.2026,15 набл.; распознавание скриншотов
Полосатая Зубатка,,Живец (средний),,306,12.989,19.017,OCR личных скриншотов (MFW-OCR v4.1),29.07.2026,3 набл.; распознавание скриншотов
Пёстрый Толстолобик,,Горох,,834,43.721,43.721,OCR личных скриншотов (MFW-OCR v4.1),29.07.2026,3 набл.; распознавание скриншотов
Раптор,,,,36-24717,2.316,11.999,OCR личных скриншотов (MFW-OCR v4.1),29.07.2026,96 набл.; распознавание скриншотов
Раптор,,Крабовое мясО,,915,2.316,11.999,OCR личных скриншотов (MFW-OCR v4.1),29.07.2026,1 набл.; распознавание скриншотов
Раптор,,Крабовое мясо,,915-6476,2.316,11.999,OCR личных скриншотов (MFW-OCR v4.1),29.07.2026,5 набл.; распознавание скриншотов
Раптор,,Креветка,,2208-5630,2.316,11.999,OCR личных скриншотов (MFW-OCR v4.1),29.07.2026,23 набл.; распознавание скриншотов
Раптор,,Креветка 0,,2683-3145,2.316,11.999,OCR личных скриншотов (MFW-OCR v4.1),29.07.2026,3 набл.; распознавание скриншотов
Рифовая Акула,,Живец (большой),,374,15.555,26.75,OCR личных скриншотов (MFW-OCR v4.1),29.07.2026,3 набл.; распознавание скриншотов
Рифовая Акула,,Кальмар,,296,15.555,26.75,OCR личных скриншотов (MFW-OCR v4.1),29.07.2026,2 набл.; распознавание скриншотов
Рифовая Акула,,Кальмр  —,,296,15.555,26.75,OCR личных скриншотов (MFW-OCR v4.1),29.07.2026,1 набл.; распознавание скриншотов
Рыба Ананас,,Мидия,,176,0.821,0.821,OCR личных скриншотов (MFW-OCR v4.1),29.07.2026,3 набл.; распознавание скриншотов
Рыба Гитара,,,,595,63.06,198.486,OCR личных скриншотов (MFW-OCR v4.1),29.07.2026,1 набл.; распознавание скриншотов
Рыба Гитара,,Рак,,242-595,63.06,198.486,OCR личных скриншотов (MFW-OCR v4.1),29.07.2026,5 набл.; распознавание скриншотов
Рыба Капля,,,,21-26656,9.202,46.785,OCR личных скриншотов (MFW-OCR v4.1),29.07.2026,55 набл.; распознавание скриншотов
Рыба Капля,,Alpha diver,,161-1161,9.202,46.785,OCR личных скриншотов (MFW-OCR v4.1),29.07.2026,3 набл.; распознавание скриншотов
Рыба Капля,,Magallon,,2958,9.202,46.785,OCR личных скриншотов (MFW-OCR v4.1),29.07.2026,3 набл.; распознавание скриншотов
Рыба Капля,,Живец (маленький),,2911-2960,9.202,46.785,OCR личных скриншотов (MFW-OCR v4.1),29.07.2026,9 набл.; распознавание скриншотов
Рыба Капля,,Живец (маленький) @,,2882,9.202,46.785,OCR личных скриншотов (MFW-OCR v4.1),29.07.2026,3 набл.; распознавание скриншотов
Рыба Капля,,Кусок рыбы @,,2715,9.202,46.785,OCR личных скриншотов (MFW-OCR v4.1),29.07.2026,1 набл.; распознавание скриншотов
Рыба Капля,,Кусок рыбы Ce),,1929,9.202,46.785,OCR личных скриншотов (MFW-OCR v4.1),29.07.2026,1 набл.; распознавание скриншотов
Рыба Капля,,Кусок рыбы O,,2715-4228,9.202,46.785,OCR личных скриншотов (MFW-OCR v4.1),29.07.2026,5 набл.; распознавание скриншотов
Рыба Капля,,Кусок рыбы ©,,2908,9.202,46.785,OCR личных скриншотов (MFW-OCR v4.1),29.07.2026,1 набл.; распознавание скриншотов
Рыба Капля,,Кусок рыбы ©),,1929,9.202,46.785,OCR личных скриншотов (MFW-OCR v4.1),29.07.2026,1 набл.; распознавание скриншотов
Рыба Капля,,Кусок рыбы О,,1929-2908,9.202,46.785,OCR личных скриншотов (MFW-OCR v4.1),29.07.2026,3 набл.; распознавание скриншотов
Рыба Капля,,Сыр,,448-30711,9.202,46.785,OCR личных скриншотов (MFW-OCR v4.1),29.07.2026,38 набл.; распознавание скриншотов
Рыба Капля,,Сыр @,,1172-41172,9.202,46.785,OCR личных скриншотов (MFW-OCR v4.1),29.07.2026,4 набл.; распознавание скриншотов
Рыба Капля,,Сыр ©,,1172-2749,9.202,46.785,OCR личных скриншотов (MFW-OCR v4.1),29.07.2026,2 набл.; распознавание скриншотов
Рыба Мертвец,,,,1326-32822,7.151,118.325,OCR личных скриншотов (MFW-OCR v4.1),29.07.2026,15 набл.; распознавание скриншотов
Рыба Мертвец,,Живец (большой),,6114,7.151,118.325,OCR личных скриншотов (MFW-OCR v4.1),29.07.2026,3 набл.; распознавание скриншотов
Рыба Мертвец,,Пиявка,,3589-12054,7.151,118.325,OCR личных скриншотов (MFW-OCR v4.1),29.07.2026,9 набл.; распознавание скриншотов
Рыба Мертвец,,Сыр,,6120-6166,7.151,118.325,OCR личных скриншотов (MFW-OCR v4.1),29.07.2026,4 набл.; распознавание скриншотов
Сазан,,Каша манная,,147,9.419,18.569,OCR личных скриншотов (MFW-OCR v4.1),29.07.2026,3 набл.; распознавание скриншотов
Сазан,,Сыр,,210,9.419,18.569,OCR личных скриншотов (MFW-OCR v4.1),29.07.2026,3 набл.; распознавание скриншотов
Севрюга,,Живец (большой),,159,6.533,6.533,OCR личных скриншотов (MFW-OCR v4.1),29.07.2026,3 набл.; распознавание скриншотов
Серебристая Сайда,,Креветка,,304-330,14.796,16.796,OCR личных скриншотов (MFW-OCR v4.1),29.07.2026,6 набл.; распознавание скриншотов
Сиамский Карп,,Медведка,,588-882,194.58,194.58,OCR личных скриншотов (MFW-OCR v4.1),29.07.2026,3 набл.; распознавание скриншотов
Сибирский Осётр,,Лягушка,,270,36.748,36.748,OCR личных скриншотов (MFW-OCR v4.1),29.07.2026,3 набл.; распознавание скриншотов
Сиг,,Живец (маленький),,152,6.354,6.354,OCR личных скриншотов (MFW-OCR v4.1),29.07.2026,3 набл.; распознавание скриншотов
Скрумпер,,,,5577-35577,117.226,198.133,OCR личных скриншотов (MFW-OCR v4.1),29.07.2026,6 набл.; распознавание скриншотов
Скрумпер,,Big hunter,,6602,117.226,198.133,OCR личных скриншотов (MFW-OCR v4.1),29.07.2026,3 набл.; распознавание скриншотов
Скрумпер,,Litlle hunter $,,8052,117.226,198.133,OCR личных скриншотов (MFW-OCR v4.1),29.07.2026,1 набл.; распознавание скриншотов
Скрумпер,,Predator PRO,,8920-16724,117.226,198.133,OCR личных скриншотов (MFW-OCR v4.1),29.07.2026,8 набл.; распознавание скриншотов
Скрумпер,,Snake head,,5628,117.226,198.133,OCR личных скриншотов (MFW-OCR v4.1),29.07.2026,3 набл.; распознавание скриншотов
Скрумпер,,Z200,,8922,117.226,198.133,OCR личных скриншотов (MFW-OCR v4.1),29.07.2026,3 набл.; распознавание скриншотов
Сом,,,,132-2132,4.003,198.545,OCR личных скриншотов (MFW-OCR v4.1),29.07.2026,12 набл.; распознавание скриншотов
Сом,,Baby crank,,132,4.003,198.545,OCR личных скриншотов (MFW-OCR v4.1),29.07.2026,3 набл.; распознавание скриншотов
Сом,,Little hunter $,,145,4.003,198.545,OCR личных скриншотов (MFW-OCR v4.1),29.07.2026,1 набл.; распознавание скриншотов
Сом,,Little hunter $ 0,,145,4.003,198.545,OCR личных скриншотов (MFW-OCR v4.1),29.07.2026,1 набл.; распознавание скриншотов
Сом,,S-DR,,134,4.003,198.545,OCR личных скриншотов (MFW-OCR v4.1),29.07.2026,3 набл.; распознавание скриншотов
Сом,,Лягушка,,596,4.003,198.545,OCR личных скриншотов (MFW-OCR v4.1),29.07.2026,6 набл.; распознавание скриншотов
Сом Амурский,,Little hunter G,,176,6.254,8.629,OCR личных скриншотов (MFW-OCR v4.1),29.07.2026,1 набл.; распознавание скриншотов
Сом Амурский,,Little hunter С,,176,6.254,8.629,OCR личных скриншотов (MFW-OCR v4.1),29.07.2026,2 набл.; распознавание скриншотов
Сом Амурский,,Живец (маленький),,178,6.254,8.629,OCR личных скриншотов (MFW-OCR v4.1),29.07.2026,1 набл.; распознавание скриншотов
Сом Амурский,,Живец (маленький) 0,,178,6.254,8.629,OCR личных скриншотов (MFW-OCR v4.1),29.07.2026,2 набл.; распознавание скриншотов
Сом Амурский,,Живец (средний),,14-174,6.254,8.629,OCR личных скриншотов (MFW-OCR v4.1),29.07.2026,3 набл.; распознавание скриншотов
Сом Амурский,,Пиявка,,157-171,6.254,8.629,OCR личных скриншотов (MFW-OCR v4.1),29.07.2026,8 набл.; распознавание скриншотов
Судак,,Живец (маленький),,237,20.721,20.721,OCR личных скриншотов (MFW-OCR v4.1),29.07.2026,3 набл.; распознавание скриншотов
Тень Зоны,,,,3765-25427,65.779,199.069,OCR личных скриншотов (MFW-OCR v4.1),29.07.2026,12 набл.; распознавание скриншотов
Тень Зоны,,Пиявка,,376-8247,65.779,199.069,OCR личных скриншотов (MFW-OCR v4.1),29.07.2026,12 набл.; распознавание скриншотов
Тень Зоны,,Сыр,,5389-8180,65.779,199.069,OCR личных скриншотов (MFW-OCR v4.1),29.07.2026,8 набл.; распознавание скриншотов
Тигровая Акула,,Predator PRO,,598,68.135,199.718,OCR личных скриншотов (MFW-OCR v4.1),29.07.2026,1 набл.; распознавание скриншотов
Тигровая Акула,,Snake head,,327,68.135,199.718,OCR личных скриншотов (MFW-OCR v4.1),29.07.2026,3 набл.; распознавание скриншотов
Тигровая Акула,,Ргедаюг РКО,,598-897,68.135,199.718,OCR личных скриншотов (MFW-OCR v4.1),29.07.2026,2 набл.; распознавание скриншотов
Толстолобик,,,,21-33,10.202,10.202,OCR личных скриншотов (MFW-OCR v4.1),29.07.2026,9 набл.; распознавание скриншотов
Трафальгар,,,,568-2568,28.569,50.935,OCR личных скриншотов (MFW-OCR v4.1),29.07.2026,3 набл.; распознавание скриншотов
Трафальгар,,Big hunter,,643-662,28.569,50.935,OCR личных скриншотов (MFW-OCR v4.1),29.07.2026,6 набл.; распознавание скриншотов
Трафальгар,,Master fish,,588-615,28.569,50.935,OCR личных скриншотов (MFW-OCR v4.1),29.07.2026,6 набл.; распознавание скриншотов
Трафальгар,,Platypus 190,,1144,28.569,50.935,OCR личных скриншотов (MFW-OCR v4.1),29.07.2026,2 набл.; распознавание скриншотов
Трафальгар,,WM156,,476,28.569,50.935,OCR личных скриншотов (MFW-OCR v4.1),29.07.2026,2 набл.; распознавание скриншотов
Трафальгар,,WM15б,,476,28.569,50.935,OCR личных скриншотов (MFW-OCR v4.1),29.07.2026,1 набл.; распознавание скриншотов
Тунец,,Рак,,585,193.439,193.439,OCR личных скриншотов (MFW-OCR v4.1),29.07.2026,3 набл.; распознавание скриншотов
Угорь,,,,24-22822,1.527,8.202,OCR личных скриншотов (MFW-OCR v4.1),29.07.2026,39 набл.; распознавание скриншотов
Угорь,,Пиявка,,201-261,1.527,8.202,OCR личных скриншотов (MFW-OCR v4.1),29.07.2026,10 набл.; распознавание скриншотов
Угорь,,Сыр,,271-276,1.527,8.202,OCR личных скриншотов (MFW-OCR v4.1),29.07.2026,40 набл.; распознавание скриншотов
Угорь,,Сыр 0,,272,1.527,8.202,OCR личных скриншотов (MFW-OCR v4.1),29.07.2026,2 набл.; распознавание скриншотов
Угорь,,быр,,273,1.527,8.202,OCR личных скриншотов (MFW-OCR v4.1),29.07.2026,1 набл.; распознавание скриншотов
Уклейка,,Хлеб,,34,0.097,0.097,OCR личных скриншотов (MFW-OCR v4.1),29.07.2026,2 набл.; распознавание скриншотов
Усач Обыкновенный,,,,94-5294,0.799,10.164,OCR личных скриншотов (MFW-OCR v4.1),29.07.2026,3 набл.; распознавание скриншотов
Усач Обыкновенный,,Lite fish,,85-94,0.799,10.164,OCR личных скриншотов (MFW-OCR v4.1),29.07.2026,5 набл.; распознавание скриншотов
Усач Обыкновенный,,Сыр,,195,0.799,10.164,OCR личных скриншотов (MFW-OCR v4.1),29.07.2026,1 набл.; распознавание скриншотов
Усач Обыкновенный,,Сыр 0,,195,0.799,10.164,OCR личных скриншотов (MFW-OCR v4.1),29.07.2026,2 набл.; распознавание скриншотов
Форель Ручьевая,,Икра,,96-141,1.163,7.431,OCR личных скриншотов (MFW-OCR v4.1),29.07.2026,6 набл.; распознавание скриншотов
Форель Ручьевая,,Икра ©),,141-171,1.163,7.431,OCR личных скриншотов (MFW-OCR v4.1),29.07.2026,2 набл.; распознавание скриншотов
Форель Ручьевая,,Икра О,,141,1.163,7.431,OCR личных скриншотов (MFW-OCR v4.1),29.07.2026,1 набл.; распознавание скриншотов
Хариус,,Икра,,110-130,4.286,6.225,OCR личных скриншотов (MFW-OCR v4.1),29.07.2026,5 набл.; распознавание скриншотов
Хвостокол,,Artificial hard crank,,236,17.428,17.521,OCR личных скриншотов (MFW-OCR v4.1),29.07.2026,3 набл.; распознавание скриншотов
Хвостокол,,Креветка,,236,17.428,17.521,OCR личных скриншотов (MFW-OCR v4.1),29.07.2026,3 набл.; распознавание скриншотов
Химера,,,,2482-225538,30.54,199.844,OCR личных скриншотов (MFW-OCR v4.1),29.07.2026,21 набл.; распознавание скриншотов
Химера,,; Живец (маленький),,8546,30.54,199.844,OCR личных скриншотов (MFW-OCR v4.1),29.07.2026,1 набл.; распознавание скриншотов
Химера,,Живец (маленький),,8546-8691,30.54,199.844,OCR личных скриншотов (MFW-OCR v4.1),29.07.2026,5 набл.; распознавание скриншотов
Химера,,Кусок рыбы,,17132,30.54,199.844,OCR личных скриншотов (MFW-OCR v4.1),29.07.2026,3 набл.; распознавание скриншотов
Химера,,Пиявка,,7076-8694,30.54,199.844,OCR личных скриншотов (MFW-OCR v4.1),29.07.2026,12 набл.; распознавание скриншотов
Химера,,Сыр,,8380-8647,30.54,199.844,OCR личных скриншотов (MFW-OCR v4.1),29.07.2026,5 набл.; распознавание скриншотов
Черепаха Логгерхед,,Крабовое мясо,,574,165.91,199.873,OCR личных скриншотов (MFW-OCR v4.1),29.07.2026,3 набл.; распознавание скриншотов
Черепаха Логгерхед,,Мидия,,489,165.91,199.873,OCR личных скриншотов (MFW-OCR v4.1),29.07.2026,3 набл.; распознавание скриншотов
Черный Кайман,,Живец (большой),,619,193.173,193.173,OCR личных скриншотов (MFW-OCR v4.1),29.07.2026,3 набл.; распознавание скриншотов
Чёрный Краппи,,,,219-2228,1.279,2.409,OCR личных скриншотов (MFW-OCR v4.1),29.07.2026,12 набл.; распознавание скриншотов
Чёрный Краппи,,Кревек =,,1,1.279,2.409,OCR личных скриншотов (MFW-OCR v4.1),29.07.2026,1 набл.; распознавание скриншотов
Чёрный Краппи,,Кревека = —,,24,1.279,2.409,OCR личных скриншотов (MFW-OCR v4.1),29.07.2026,1 набл.; распознавание скриншотов
Чёрный Краппи,,Креветка,,244,1.279,2.409,OCR личных скриншотов (MFW-OCR v4.1),29.07.2026,1 набл.; распознавание скриншотов
Щука Глубинная,,WM156,,266,41.944,93.857,OCR личных скриншотов (MFW-OCR v4.1),29.07.2026,2 набл.; распознавание скриншотов
Щука Глубинная,,Живец (большой,,418,41.944,93.857,OCR личных скриншотов (MFW-OCR v4.1),29.07.2026,1 набл.; распознавание скриншотов
Щука Глубинная,,Живец (большой),,418,41.944,93.857,OCR личных скриншотов (MFW-OCR v4.1),29.07.2026,2 набл.; распознавание скриншотов
Щука Маскинонг,,Живец (большой),,188,4.299,31.993,OCR личных скриншотов (MFW-OCR v4.1),29.07.2026,2 набл.; распознавание скриншотов
Щука Маскинонг,,Живец (большой) 0,,188,4.299,31.993,OCR личных скриншотов (MFW-OCR v4.1),29.07.2026,1 набл.; распознавание скриншотов
Щука Маскинонг,,Лягушка,,319,4.299,31.993,OCR личных скриншотов (MFW-OCR v4.1),29.07.2026,1 набл.; распознавание скриншотов
Щука Маскинонг,,Ляуша = _,,319,4.299,31.993,OCR личных скриншотов (MFW-OCR v4.1),29.07.2026,1 набл.; распознавание скриншотов
Щука Маскинонг,,Ляуша = —,,319,4.299,31.993,OCR личных скриншотов (MFW-OCR v4.1),29.07.2026,1 набл.; распознавание скриншотов
Щука Обыкновенная,,Живец (большой),,283-286,4.165,36.656,OCR личных скриншотов (MFW-OCR v4.1),29.07.2026,6 набл.; распознавание скриншотов
Щука Обыкновенная,,Живец (средний),,182,4.165,36.656,OCR личных скриншотов (MFW-OCR v4.1),29.07.2026,3 набл.; распознавание скриншотов
Щука Травянка,,,,183-2219,0.877,3.14,OCR личных скриншотов (MFW-OCR v4.1),29.07.2026,30 набл.; распознавание скриншотов
Щука Травянка,,Baby crank,,219,0.877,3.14,OCR личных скриншотов (MFW-OCR v4.1),29.07.2026,3 набл.; распознавание скриншотов
Щука Травянка,,Lite fish,,225-248,0.877,3.14,OCR личных скриншотов (MFW-OCR v4.1),29.07.2026,8 набл.; распознавание скриншотов
Щука Травянка,,Пиявка,,196,0.877,3.14,OCR личных скриншотов (MFW-OCR v4.1),29.07.2026,3 набл.; распознавание скриншотов
Электрический Сом,,Живец (большой),,860,8.915,25.296,OCR личных скриншотов (MFW-OCR v4.1),29.07.2026,2 набл.; распознавание скриншотов
Электрический Сом,,Живец (средний),,274,8.915,25.296,OCR личных скриншотов (MFW-OCR v4.1),29.07.2026,3 набл.; распознавание скриншотов
Электрический Угорь,,Живец (средний),,295-296,40.91,41.393,OCR личных скриншотов (MFW-OCR v4.1),29.07.2026,6 набл.; распознавание скриншотов
Язь,,Каша мана = _,,116,4.141,6.004,OCR личных скриншотов (MFW-OCR v4.1),29.07.2026,1 набл.; распознавание скриншотов
Язь,,Каша манная,,116,4.141,6.004,OCR личных скриншотов (MFW-OCR v4.1),29.07.2026,2 набл.; распознавание скриншотов
Язь,,Личинка короеда,,118,4.141,6.004,OCR личных скриншотов (MFW-OCR v4.1),29.07.2026,3 набл.; распознавание скриншотов
Язь,,Личинка майского жука,,117,4.141,6.004,OCR личных скриншотов (MFW-OCR v4.1),29.07.2026,3 набл.; распознавание скриншотов
Язь,,Муха,,96,4.141,6.004,OCR личных скриншотов (MFW-OCR v4.1),29.07.2026,2 набл.; распознавание скриншотов
Язь,,Пиявка,,99-103,4.141,6.004,OCR личных скриншотов (MFW-OCR v4.1),29.07.2026,6 набл.; распознавание скриншотов
